{"type":"FeatureCollection","features":[{"type":"Feature","geometry":{"type":"MultiPolygon","coordinates":[[[[125.19425201500019,6.84778022800009],[125.19642639200003,6.84884977300004],[125.20039367800007,6.849349976000099],[125.20616912800006,6.849480152000069],[125.21163940500014,6.850649834000023],[125.21196746800001,6.850130082000021],[125.2118072500001,6.849850177],[125.20897674500009,6.846330167000133],[125.20343780500014,6.829549789999987],[125.20332336500007,6.829160215000172],[125.20314025900018,6.829549789999987],[125.20069122400014,6.829100132000121],[125.1951522820001,6.827700139000171],[125.19245147800018,6.833310127000175],[125.19107818600003,6.837769986000183],[125.19425201500019,6.84778022800009]]]]},"properties":{"municipality":"Bansalan","barangay":"Alegre"}},{"type":"Feature","geometry":{"type":"MultiPolygon","coordinates":[[[[125.21163940500014,6.850649834000023],[125.20616912800006,6.849480152000069],[125.20039367800007,6.849349976000099],[125.19642639200003,6.84884977300004],[125.19425201500019,6.84778022800009],[125.19970703100012,6.857840061000161],[125.20485687200005,6.866129875000183],[125.2048416140002,6.875279904000081],[125.20349884100017,6.878590106000047],[125.20481872500011,6.885719775000155],[125.20501708900008,6.886650086000088],[125.20491790700021,6.887989999000013],[125.2076416020002,6.897130012000162],[125.21161651600028,6.906760216000123],[125.21698761000005,6.925489904000131],[125.21862030000011,6.926040172000171],[125.22283935500013,6.929120064000074],[125.22702789300013,6.929480076000061],[125.2238082880001,6.919479847000161],[125.22055053700012,6.906630039999982],[125.22059631400009,6.890600204000066],[125.22093200700021,6.880060195000112],[125.22126007100019,6.871339799000111],[125.22017669700006,6.862339974000065],[125.21668243400006,6.85594987800016],[125.21163940500014,6.850649834000023]]]]},"properties":{"municipality":"Bansalan","barangay":"Alta Vista"}},{"type":"Feature","geometry":{"type":"MultiPolygon","coordinates":[[[[125.22550964400011,6.817319870000063],[125.22604370200008,6.818470001000151],[125.2337799070001,6.816760064000107],[125.23650360200008,6.817200184000114],[125.2362899770003,6.810110092000059],[125.23680877700008,6.807099819000086],[125.23824310400016,6.803959846999987],[125.24054717900015,6.800779820000059],[125.24172210700033,6.798759938000103],[125.24523925700021,6.795829773000037],[125.23612976000027,6.799930095000036],[125.23104858400018,6.802189826000188],[125.23052978500016,6.803110122000135],[125.22679138200033,6.804220199000042],[125.22104644800004,6.806119920000128],[125.21894073400006,6.80740976300018],[125.22302246100014,6.814640045000147],[125.22550964400011,6.817319870000063]]]]},"properties":{"municipality":"Bansalan","barangay":"Anonang"}},{"type":"Feature","geometry":{"type":"MultiPolygon","coordinates":[[[[125.20332336500007,6.829160215000172],[125.20343780500014,6.829549789999987],[125.22030639600007,6.829170228000066],[125.22279358000014,6.826720238000178],[125.2237319940001,6.823579788000075],[125.22528076100014,6.821050167000067],[125.22604370200008,6.818470001000151],[125.22550964400011,6.817319870000063],[125.21466827400002,6.817150117000153],[125.21204376100002,6.81707000800003],[125.19966888400006,6.817540168],[125.20040130600012,6.819990158000053],[125.20160675000022,6.822509766000167],[125.20104980400015,6.822850227000174],[125.20332336500007,6.829160215000172]]]]},"properties":{"municipality":"Bansalan","barangay":"Bitaug"}},{"type":"Feature","geometry":{"type":"MultiPolygon","coordinates":[[[[125.24523925700021,6.795829773000037],[125.24172210700033,6.798759938000103],[125.24054717900015,6.800779820000059],[125.23824310400016,6.803959846999987],[125.23680877700008,6.807099819000086],[125.2362899770003,6.810110092000059],[125.23650360200008,6.817200184000114],[125.2382736200002,6.817749978000165],[125.23954010000023,6.817699910000101],[125.24315643400007,6.817309857000055],[125.24664306700004,6.815730095000106],[125.250877381,6.811820030000149],[125.25042724700029,6.808819772000049],[125.24825286800024,6.804190160000132],[125.24523925700021,6.795829773000037]]]]},"properties":{"municipality":"Bansalan","barangay":"Bonifacio"}},{"type":"Feature","geometry":{"type":"MultiPolygon","coordinates":[[[[125.22104644800004,6.806119920000128],[125.22679138200033,6.804220199000042],[125.23052978500016,6.803110122000135],[125.23104858400018,6.802189826000188],[125.2275085460002,6.792270184000131],[125.22518920900006,6.788259983000046],[125.22367858900009,6.782690048000063],[125.2210769650003,6.782649993000064],[125.21726989800015,6.782370090000086],[125.21559906000016,6.782110215000159],[125.21307373000002,6.782030105999979],[125.21482849200015,6.791299821000052],[125.21626281700003,6.795569896000131],[125.21785736100003,6.798900127000081],[125.21814727700018,6.800620080000158],[125.21943664500009,6.803679943000134],[125.22104644800004,6.806119920000128]]]]},"properties":{"municipality":"Bansalan","barangay":"Buenavista"}},{"type":"Feature","geometry":{"type":"MultiPolygon","coordinates":[[[[125.21698761000005,6.925489904000131],[125.21161651600028,6.906760216000123],[125.2076416020002,6.897130012000162],[125.20491790700021,6.887989999000013],[125.20501708900008,6.886650086000088],[125.19480896100004,6.884180068000035],[125.18817138700012,6.883629800000165],[125.18303680400027,6.883820056000047],[125.17928314100016,6.882780075000085],[125.17495727600021,6.882289887000013],[125.1739807130001,6.885379792000151],[125.18314361700016,6.889170170000057],[125.187011718,6.891290189000074],[125.18916320900007,6.895060063000074],[125.19080352800006,6.89914989500005],[125.19373321600017,6.901609897000014],[125.19696044900013,6.903709888000151],[125.19846344000018,6.905340195000122],[125.19808960000034,6.905340195000122],[125.1981124880001,6.908080101000166],[125.19954681300021,6.910220146000029],[125.20281219600008,6.912670136000088],[125.20572662300015,6.913060189000078],[125.2076416020002,6.913760186000047],[125.21027374300013,6.915279865000059],[125.21140289300013,6.918190002000074],[125.21338653600003,6.920519829000057],[125.21436309700005,6.923200131000101],[125.21698761000005,6.925489904000131]]]]},"properties":{"municipality":"Bansalan","barangay":"Darapuay"}},{"type":"Feature","geometry":{"type":"MultiPolygon","coordinates":[[[[125.20397949300002,6.800889970000128],[125.20510864300002,6.798029898999971],[125.20591735900007,6.79419994400007],[125.20751953200022,6.787769794999974],[125.21024322400001,6.781620025000109],[125.20738220300018,6.780469896000056],[125.19465637200017,6.776840211000035],[125.19374847400002,6.780610085000035],[125.19377136200012,6.783450128000084],[125.19258880700022,6.786660196000128],[125.19197845400004,6.788489819000063],[125.19191742000021,6.794060230000071],[125.19233703500004,6.799640179000164],[125.19175720300018,6.802209854000068],[125.20217132600021,6.802100182000061],[125.20397949300002,6.800889970000128]]]]},"properties":{"municipality":"Bansalan","barangay":"Dolo"}},{"type":"Feature","geometry":{"type":"MultiPolygon","coordinates":[[[[125.19425201500019,6.84778022800009],[125.19107818600003,6.837769986000183],[125.18807220500025,6.83870983200012],[125.18639373700012,6.843599797000138],[125.1850280750001,6.85630989200007],[125.18502044700017,6.85761022600002],[125.18332672100018,6.862160206000112],[125.18216705400005,6.865069867000045],[125.19402313200032,6.86621999700003],[125.1996994020003,6.872970105000036],[125.2048416140002,6.875279904000081],[125.20485687200005,6.866129875000183],[125.19970703100012,6.857840061000161],[125.19425201500019,6.84778022800009]]]]},"properties":{"municipality":"Bansalan","barangay":"Eman"}},{"type":"Feature","geometry":{"type":"MultiPolygon","coordinates":[[[[125.20501708900008,6.886650086000088],[125.20481872500011,6.885719775000155],[125.20349884100017,6.878590106000047],[125.2048416140002,6.875279904000081],[125.1996994020003,6.872970105000036],[125.19402313200032,6.86621999700003],[125.18216705400005,6.865069867000045],[125.18054962300027,6.869359971000108],[125.17767334000007,6.87341022600009],[125.1649093630001,6.881509781000148],[125.16573333800011,6.882090092000112],[125.16950988800033,6.883639813000173],[125.1739807130001,6.885379792000151],[125.17495727600021,6.882289887000013],[125.17928314100016,6.882780075000085],[125.18303680400027,6.883820056000047],[125.18817138700012,6.883629800000165],[125.19480896100004,6.884180068000035],[125.20501708900008,6.886650086000088]]]]},"properties":{"municipality":"Bansalan","barangay":"Kinuskusan"}},{"type":"Feature","geometry":{"type":"MultiPolygon","coordinates":[[[[125.22550964400011,6.817319870000063],[125.22302246100014,6.814640045000147],[125.21894073400006,6.80740976300018],[125.21434783900008,6.803840161000039],[125.20542144800004,6.798960210000132],[125.20510864300002,6.798029898999971],[125.20397949300002,6.800889970000128],[125.20845031800002,6.806990146000032],[125.21204376100002,6.81707000800003],[125.21466827400002,6.817150117000153],[125.22550964400011,6.817319870000063]]]]},"properties":{"municipality":"Bansalan","barangay":"Libertad"}},{"type":"Feature","geometry":{"type":"MultiPolygon","coordinates":[[[[125.20104980400015,6.822850227000174],[125.20160675000022,6.822509766000167],[125.20040130600012,6.819990158000053],[125.19966888400006,6.817540168],[125.1973419200001,6.811270237000031],[125.19175720300018,6.802209854000068],[125.18863677900003,6.807300091000172],[125.18679046500006,6.81215000300017],[125.18752288700011,6.812300205000156],[125.18805694500008,6.812910081000155],[125.19135284400022,6.815830230000131],[125.19436645500002,6.818120003000104],[125.20104980400015,6.822850227000174]]]]},"properties":{"municipality":"Bansalan","barangay":"Linawan"}},{"type":"Feature","geometry":{"type":"MultiPolygon","coordinates":[[[[125.19966888400006,6.817540168],[125.21204376100002,6.81707000800003],[125.20845031800002,6.806990146000032],[125.20397949300002,6.800889970000128],[125.20217132600021,6.802100182000061],[125.19175720300018,6.802209854000068],[125.1973419200001,6.811270237000031],[125.19966888400006,6.817540168]]]]},"properties":{"municipality":"Bansalan","barangay":"Mabuhay"}},{"type":"Feature","geometry":{"type":"MultiPolygon","coordinates":[[[[125.2149734510001,6.727330208000069],[125.21465301600017,6.728290081000182],[125.21353912400002,6.730690003000177],[125.21238708500005,6.734809876000099],[125.21291351400009,6.737020015000041],[125.21350860500024,6.739809990000083],[125.21183776900023,6.74359989300001],[125.21089172400002,6.748000144000059],[125.20948028600014,6.754360200000121],[125.20922088600014,6.760399818000167],[125.21369934100005,6.762110232999987],[125.22128295900006,6.766280174000144],[125.23267364500009,6.767109872000049],[125.22588348400018,6.748859882000147],[125.21972656300011,6.735280038000099],[125.21745300200007,6.73137998600015],[125.2149734510001,6.727330208000069]]]]},"properties":{"municipality":"Bansalan","barangay":"Mabunga"}},{"type":"Feature","geometry":{"type":"MultiPolygon","coordinates":[[[[125.250877381,6.811820030000149],[125.24664306700004,6.815730095000106],[125.24315643400007,6.817309857000055],[125.23954010000023,6.817699910000101],[125.2382736200002,6.817749978000165],[125.23650360200008,6.817200184000114],[125.23990631200013,6.82974004700003],[125.24024200500025,6.835899831000063],[125.24015808100012,6.840559959000188],[125.240417481,6.843210221000049],[125.24086761400008,6.846789836000028],[125.24194336000005,6.850999833000117],[125.24358367900004,6.85515022300018],[125.24471282900004,6.858749865999982],[125.24582672200006,6.860750198000119],[125.24714660600023,6.864280223000094],[125.24870300400005,6.868770123000161],[125.25067901600005,6.870190145000038],[125.24996948300009,6.851369858000112],[125.25013732900015,6.816830159000176],[125.250877381,6.811820030000149]]]]},"properties":{"municipality":"Bansalan","barangay":"Managa"}},{"type":"Feature","geometry":{"type":"MultiPolygon","coordinates":[[[[125.19107818600003,6.837769986000183],[125.19245147800018,6.833310127000175],[125.1951522820001,6.827700139000171],[125.19200897200017,6.826729774000114],[125.17838287400014,6.826270104000059],[125.17460632400014,6.833749772000033],[125.17540740900006,6.835000038000146],[125.17648315500026,6.836699963000171],[125.17646789600019,6.839069844000051],[125.17725372300004,6.840849877000153],[125.17769622900005,6.843830110000113],[125.17694091900012,6.845220090000169],[125.17680359000008,6.847449779000044],[125.18129730300018,6.853119850000098],[125.1850280750001,6.85630989200007],[125.18639373700012,6.843599797000138],[125.18807220500025,6.83870983200012],[125.19107818600003,6.837769986000183]]]]},"properties":{"municipality":"Bansalan","barangay":"Marber"}},{"type":"Feature","geometry":{"type":"MultiPolygon","coordinates":[[[[125.20922088600014,6.760399818000167],[125.20948028600014,6.754360200000121],[125.21089172400002,6.748000144000059],[125.21183776900023,6.74359989300001],[125.21350860500024,6.739809990000083],[125.21291351400009,6.737020015000041],[125.21238708500005,6.734809876000099],[125.21353912400002,6.730690003000177],[125.21465301600017,6.728290081000182],[125.2149734510001,6.727330208000069],[125.21315765300017,6.728089809000153],[125.21161651600028,6.729410171000154],[125.20781707800018,6.731239796000068],[125.20712280300017,6.732580184000142],[125.20551300000011,6.733739853000088],[125.2041473390002,6.736090184000147],[125.2027130140001,6.73696994800008],[125.20130157500012,6.73842000999997],[125.19995880200008,6.74210977600012],[125.19951629700017,6.744410038000183],[125.19909667900026,6.748859882000147],[125.19872283900008,6.751110077000078],[125.19599151600016,6.754320145000122],[125.19716644400035,6.756939888000034],[125.20783233600002,6.76066017200003],[125.20922088600014,6.760399818000167]]]]},"properties":{"municipality":"Bansalan","barangay":"New Clarin"}},{"type":"Feature","geometry":{"type":"MultiPolygon","coordinates":[[[[125.23267364500009,6.767109872000049],[125.22128295900006,6.766280174000144],[125.22368621900023,6.771790029000158],[125.22367858900009,6.782690048000063],[125.22870636000016,6.780179977000103],[125.23075103800022,6.778999807000162],[125.23584747400002,6.775839806000135],[125.23267364500009,6.767109872000049]]]]},"properties":{"municipality":"Bansalan","barangay":"Poblacion"}},{"type":"Feature","geometry":{"type":"MultiPolygon","coordinates":[[[[125.21307373000002,6.782030105999979],[125.21559906000016,6.782110215000159],[125.21726989800015,6.782370090000086],[125.2210769650003,6.782649993000064],[125.22367858900009,6.782690048000063],[125.22368621900023,6.771790029000158],[125.22128295900006,6.766280174000144],[125.21369934100005,6.762110232999987],[125.20922088600014,6.760399818000167],[125.2101898190001,6.762360097000055],[125.20867919900002,6.76518011200011],[125.20909881600016,6.768390180000097],[125.21090698300009,6.774499894000087],[125.21307373000002,6.782030105999979]]]]},"properties":{"municipality":"Bansalan","barangay":"Poblacion Dos"}},{"type":"Feature","geometry":{"type":"MultiPolygon","coordinates":[[[[125.19465637200017,6.776840211000035],[125.20738220300018,6.780469896000056],[125.21024322400001,6.781620025000109],[125.21119689900013,6.782030105999979],[125.21307373000002,6.782030105999979],[125.21090698300009,6.774499894000087],[125.20909881600016,6.768390180000097],[125.20867919900002,6.76518011200011],[125.2101898190001,6.762360097000055],[125.20922088600014,6.760399818000167],[125.20783233600002,6.76066017200003],[125.19716644400035,6.756939888000034],[125.19716644400035,6.757820129000152],[125.19658660900006,6.759789944000147],[125.19657897900015,6.762440206000065],[125.19596099800026,6.764500142000145],[125.19442749100017,6.769820214000163],[125.19490051300022,6.77531003900009],[125.19465637200017,6.776840211000035]]]]},"properties":{"municipality":"Bansalan","barangay":"Rizal"}},{"type":"Feature","geometry":{"type":"MultiPolygon","coordinates":[[[[125.1951522820001,6.827700139000171],[125.20069122400014,6.829100132000121],[125.20314025900018,6.829549789999987],[125.20332336500007,6.829160215000172],[125.20104980400015,6.822850227000174],[125.19436645500002,6.818120003000104],[125.19135284400022,6.815830230000131],[125.18805694500008,6.812910081000155],[125.18752288700011,6.812300205000156],[125.18679046500006,6.81215000300017],[125.17838287400014,6.826270104000059],[125.19200897200017,6.826729774000114],[125.1951522820001,6.827700139000171]]]]},"properties":{"municipality":"Bansalan","barangay":"Santo Niño"}},{"type":"Feature","geometry":{"type":"MultiPolygon","coordinates":[[[[125.23650360200008,6.817200184000114],[125.2337799070001,6.816760064000107],[125.22604370200008,6.818470001000151],[125.22528076100014,6.821050167000067],[125.2237319940001,6.823579788000075],[125.22279358000014,6.826720238000178],[125.22030639600007,6.829170228000066],[125.22032928400017,6.831689836000123],[125.22338104200003,6.836289884000109],[125.2254791260001,6.840370178000171],[125.22704315200019,6.845560074000048],[125.22885131900011,6.854300023000178],[125.228927612,6.856369972000095],[125.23063659700006,6.861470224000186],[125.23529052800029,6.870679855000049],[125.23474121000015,6.876550198000018],[125.23483276400009,6.888669968000102],[125.2354507450001,6.911769868000022],[125.23650360200008,6.925230027],[125.23906707700007,6.94052982400018],[125.24693298300019,6.947959899000068],[125.25496673500004,6.956679821000023],[125.25128936800013,6.88614988300003],[125.25067901600005,6.870190145000038],[125.24870300400005,6.868770123000161],[125.24714660600023,6.864280223000094],[125.24582672200006,6.860750198000119],[125.24471282900004,6.858749865999982],[125.24358367900004,6.85515022300018],[125.24194336000005,6.850999833000117],[125.24086761400008,6.846789836000028],[125.240417481,6.843210221000049],[125.24015808100012,6.840559959000188],[125.24024200500025,6.835899831000063],[125.23990631200013,6.82974004700003],[125.23650360200008,6.817200184000114]]]]},"properties":{"municipality":"Bansalan","barangay":"Sibayan"}},{"type":"Feature","geometry":{"type":"MultiPolygon","coordinates":[[[[125.20343780500014,6.829549789999987],[125.20897674500009,6.846330167000133],[125.2118072500001,6.849850177],[125.21196746800001,6.850130082000021],[125.21163940500014,6.850649834000023],[125.21668243400006,6.85594987800016],[125.22017669700006,6.862339974000065],[125.22126007100019,6.871339799000111],[125.22093200700021,6.880060195000112],[125.22059631400009,6.890600204000066],[125.22055053700012,6.906630039999982],[125.2238082880001,6.919479847000161],[125.22702789300013,6.929480076000061],[125.23014831500018,6.932980060000091],[125.23906707700007,6.94052982400018],[125.23650360200008,6.925230027],[125.2354507450001,6.911769868000022],[125.23483276400009,6.888669968000102],[125.23474121000015,6.876550198000018],[125.23529052800029,6.870679855000049],[125.23063659700006,6.861470224000186],[125.228927612,6.856369972000095],[125.22885131900011,6.854300023000178],[125.22704315200019,6.845560074000048],[125.2254791260001,6.840370178000171],[125.22338104200003,6.836289884000109],[125.22032928400017,6.831689836000123],[125.22030639600007,6.829170228000066],[125.20343780500014,6.829549789999987]]]]},"properties":{"municipality":"Bansalan","barangay":"Tinongtongan"}},{"type":"Feature","geometry":{"type":"MultiPolygon","coordinates":[[[[125.21894073400006,6.80740976300018],[125.22104644800004,6.806119920000128],[125.21943664500009,6.803679943000134],[125.21814727700018,6.800620080000158],[125.21785736100003,6.798900127000081],[125.21626281700003,6.795569896000131],[125.21482849200015,6.791299821000052],[125.21307373000002,6.782030105999979],[125.21119689900013,6.782030105999979],[125.21024322400001,6.781620025000109],[125.20751953200022,6.787769794999974],[125.20591735900007,6.79419994400007],[125.20510864300002,6.798029898999971],[125.20542144800004,6.798960210000132],[125.21434783900008,6.803840161000039],[125.21894073400006,6.80740976300018]]]]},"properties":{"municipality":"Bansalan","barangay":"Tubod"}},{"type":"Feature","geometry":{"type":"MultiPolygon","coordinates":[[[[125.23104858400018,6.802189826000188],[125.23612976000027,6.799930095000036],[125.24523925700021,6.795829773000037],[125.23842620800008,6.779379845000165],[125.23584747400002,6.775839806000135],[125.23075103800022,6.778999807000162],[125.22870636000016,6.780179977000103],[125.22367858900009,6.782690048000063],[125.22518920900006,6.788259983000046],[125.2275085460002,6.792270184000131],[125.23104858400018,6.802189826000188]]]]},"properties":{"municipality":"Bansalan","barangay":"Union"}},{"type":"Feature","geometry":{"type":"MultiPolygon","coordinates":[[[[125.38527679400022,6.743659973000035],[125.38527679400022,6.742780209000045],[125.38610839800015,6.741940022999984],[125.38639068600003,6.741940022999984],[125.38639068600003,6.740560056000163],[125.3855590820001,6.739719869000169],[125.38527679400022,6.739719869000169],[125.38500213600003,6.739439965000088],[125.38527679400022,6.739170075000175],[125.3838882440001,6.737780095000062],[125.38361358600014,6.737780095000062],[125.3833313,6.737500190000105],[125.38313293500005,6.737450123000144],[125.38272094700005,6.737170219000063],[125.38237762500012,6.736919880000016],[125.3820877070001,6.736649990000103],[125.38181304900024,6.736380100000133],[125.38153076100002,6.736070155000164],[125.38126373300008,6.735710144000109],[125.3809814450002,6.735360147000051],[125.38066864000018,6.735079766000183],[125.38043975900018,6.734789848],[125.38018798800022,6.734539986000129],[125.37989807200017,6.73432016300012],[125.37960052500011,6.734059811000122],[125.37927246000027,6.733809949000033],[125.37904357900004,6.733590126000024],[125.37684631400009,6.734509945000013],[125.36789703400018,6.737740041000109],[125.36251068200022,6.740310192000095],[125.35281372000009,6.74263000500008],[125.35352325300005,6.743780136000112],[125.3539505010001,6.744709968000109],[125.35433959900013,6.745470048000129],[125.3546371460003,6.746059896000077],[125.35695648200021,6.748000144000059],[125.35724639800003,6.748239995000063],[125.3608627320001,6.751259804000085],[125.36683654700028,6.754909993000069],[125.36743927000032,6.754730225000117],[125.36773681700015,6.754630090000092],[125.37058258000002,6.753890038000122],[125.37339019700005,6.752429962000122],[125.37487792900004,6.751790046999986],[125.37573242200028,6.750730037000039],[125.37634277300003,6.750520230000177],[125.37715149000007,6.750239849000025],[125.37767791800002,6.749839783000141],[125.37792205900018,6.749660015000188],[125.37819671700004,6.74851989800004],[125.38011932400002,6.746739865000109],[125.3805465700002,6.745500087000039],[125.3835067760001,6.743410111000117],[125.38527679400022,6.743659973000035]]]]},"properties":{"municipality":"Digos City","barangay":"Aplaya"}},{"type":"Feature","geometry":{"type":"MultiPolygon","coordinates":[[[[125.250877381,6.811820030000149],[125.25013732900015,6.816830159000176],[125.24996948300009,6.851369858000112],[125.27446746900023,6.851970196000025],[125.27366638100023,6.843929767000077],[125.27377319400011,6.838419914000099],[125.27397918600002,6.835080147000099],[125.27310943500015,6.831830025000102],[125.27281951900011,6.829420090000099],[125.27292633100012,6.828110218000063],[125.27290344300013,6.825479985000129],[125.27378082200016,6.823500157000126],[125.27474212700008,6.821499826000093],[125.27599334800004,6.819260121000127],[125.27683258000025,6.817709923000109],[125.27702331600005,6.816359997000177],[125.27863311700014,6.815569878000076],[125.27976226700014,6.814720153],[125.2806777950002,6.814789771999983],[125.28205108700013,6.813970088000019],[125.28285217200005,6.813159943000073],[125.28444671600016,6.811560155000052],[125.28488159200026,6.810979843000155],[125.28626251200012,6.80916977000004],[125.26764678900008,6.811079979999988],[125.26039123400005,6.811429977000103],[125.250877381,6.811820030000149]]]]},"properties":{"municipality":"Digos City","barangay":"Balabag"}},{"type":"Feature","geometry":{"type":"MultiPolygon","coordinates":[[[[125.33267974900014,6.798699855000166],[125.33247375400003,6.801089764000153],[125.3322601320001,6.808440208999968],[125.33216095000012,6.816569805000086],[125.33097839400011,6.832709789000091],[125.33363342400025,6.855090142000051],[125.33592224100005,6.850649834000023],[125.34951019300001,6.828450204000148],[125.36511201300004,6.799859978000143],[125.35534667900015,6.799039841000081],[125.35043334900001,6.800020217000167],[125.35041046200001,6.799940110000023],[125.35025024500032,6.79984998700013],[125.34925079300024,6.80003023200004],[125.34089660700022,6.800149918000159],[125.33267974900014,6.798699855000166]]]]},"properties":{"municipality":"Digos City","barangay":"Binaton"}},{"type":"Feature","geometry":{"type":"MultiPolygon","coordinates":[[[[125.38527679400022,6.743659973000035],[125.3835067760001,6.743410111000117],[125.3805465700002,6.745500087000039],[125.38011932400002,6.746739865000109],[125.37819671700004,6.74851989800004],[125.37792205900018,6.749660015000188],[125.37767791800002,6.749839783000141],[125.37715149000007,6.750239849000025],[125.37634277300003,6.750520230000177],[125.37573242200028,6.750730037000039],[125.37487792900004,6.751790046999986],[125.37339019700005,6.752429962000122],[125.37058258000002,6.753890038000122],[125.36773681700015,6.754630090000092],[125.36743927000032,6.754730225000117],[125.36683654700028,6.754909993000069],[125.36842346200001,6.75887012600009],[125.36913299500009,6.764900208000029],[125.37074279800026,6.771770001000107],[125.37222290000034,6.773099900000091],[125.3780288690001,6.77203989100019],[125.38471984800015,6.770810128000164],[125.38471984800015,6.768889903000172],[125.38361358600014,6.767779826000094],[125.38361358600014,6.767499923000116],[125.38445282000009,6.76667022700002],[125.38471984800015,6.76667022700002],[125.38500213600003,6.766389846000152],[125.3855590820001,6.766389846000152],[125.3858337400003,6.766109943000174],[125.38619232200017,6.766109943000174],[125.38639068600003,6.766109943000174],[125.38749694800003,6.764999866000096],[125.38749694800003,6.76444006000014],[125.38804626400008,6.763889789000189],[125.38804626400008,6.76303005300008],[125.38804626400008,6.762499809000076],[125.38812255900007,6.762149809999983],[125.38835144000006,6.76192998900018],[125.38841247600033,6.761559964000071],[125.38854980500003,6.761189937000097],[125.38861084000007,6.761020184000131],[125.38867187500023,6.760809899000094],[125.38889312800018,6.760469914000112],[125.38913726700002,6.760119915000189],[125.3894119270002,6.759729862000142],[125.3896408080002,6.759280205000152],[125.38979339500008,6.758739948000141],[125.38999939000018,6.758230209000146],[125.39026641800024,6.757679940000173],[125.39058685300006,6.757100106000166],[125.39092254600018,6.756499768000026],[125.39109802200016,6.755839823999963],[125.39119720400004,6.755209922000063],[125.39125061100003,6.754650116000107],[125.3911132820001,6.754209995000053],[125.39092254600018,6.753839970000058],[125.39076995900007,6.753509998000141],[125.39058685300006,6.753230095000163],[125.39038086000016,6.752920149999966],[125.39026641800024,6.752779961000044],[125.38999939000018,6.752500058000066],[125.38839721700003,6.752500058000066],[125.38735961900034,6.752530099000126],[125.38562774700006,6.750720024000032],[125.3853530880001,6.74864006200005],[125.38485717700007,6.746759891000181],[125.38527679400022,6.74499988600013],[125.38527679400022,6.743659973000035]]]]},"properties":{"municipality":"Digos City","barangay":"Cogon"}},{"type":"Feature","geometry":{"type":"MultiPolygon","coordinates":[[[[125.32486724800003,6.739980221000053],[125.32221221900022,6.741779805000078],[125.3176116950001,6.743850232000057],[125.31363677900015,6.744659900000102],[125.30268096900011,6.747159958000168],[125.29270172100007,6.748740195999972],[125.29129028200009,6.750500202000126],[125.29045105000012,6.752820015000168],[125.29015350400005,6.754909993000069],[125.30986786000017,6.757540226000174],[125.31448364200014,6.759160042000076],[125.31733703500004,6.761459828000113],[125.31474304100004,6.764029980000146],[125.31423187200005,6.765500068999984],[125.31455230700021,6.769670010000141],[125.31363677900015,6.771969795000075],[125.31298828100012,6.772459983000147],[125.31108856200024,6.777060031000076],[125.31450653000024,6.775650025000118],[125.32689666800013,6.774109840000165],[125.327636718,6.774340153000082],[125.32846069400023,6.768849849000048],[125.32633209200014,6.766699791000121],[125.32527923500015,6.764420032999965],[125.32630920300005,6.763559818000147],[125.32714843700023,6.760849954000093],[125.32398223900009,6.759089947000064],[125.32457733200022,6.75613021800001],[125.32496643000013,6.750090122000131],[125.32592010500002,6.747729779000167],[125.32749176100003,6.749279977000185],[125.32766723700001,6.745979787000124],[125.32486724800003,6.739980221000053]]]]},"properties":{"municipality":"Digos City","barangay":"Colorado"}},{"type":"Feature","geometry":{"type":"MultiPolygon","coordinates":[[[[125.35281372000009,6.74263000500008],[125.36251068200022,6.740310192000095],[125.36789703400018,6.737740041000109],[125.37684631400009,6.734509945000013],[125.37904357900004,6.733590126000024],[125.37895202700031,6.733520031000182],[125.3786468510001,6.733230115000026],[125.37837219300013,6.73296022400018],[125.37808990400015,6.73266983100018],[125.37779235800019,6.732329845000152],[125.37745666500007,6.731929779000097],[125.37705993600002,6.731490136000048],[125.37657928400006,6.731120111000052],[125.37613678000002,6.730710029000022],[125.37403869700006,6.728109837000034],[125.37328338700024,6.727190019000147],[125.37339019700005,6.727700233000064],[125.3722763070001,6.728330135000135],[125.36235809200002,6.729440212000043],[125.35709381100014,6.730169774000046],[125.3568801880001,6.730199815000105],[125.34915161100002,6.731279851000124],[125.35027313300009,6.733230115000026],[125.35199737500011,6.739089967000098],[125.35281372000009,6.74263000500008]]]]},"properties":{"municipality":"Digos City","barangay":"Dawis"}},{"type":"Feature","geometry":{"type":"MultiPolygon","coordinates":[[[[125.33363342400025,6.855090142000051],[125.33097839400011,6.832709789000091],[125.33216095000012,6.816569805000086],[125.3322601320001,6.808440208999968],[125.33247375400003,6.801089764000153],[125.33267974900014,6.798699855000166],[125.32499694900002,6.795839786000045],[125.31771087700008,6.804339887000026],[125.31484222300003,6.80850982700008],[125.31185913100012,6.814060212000015],[125.30516052200005,6.826340198000025],[125.30403137200005,6.832509994000134],[125.29810333200021,6.844689845000119],[125.29052734400022,6.851530076000188],[125.28507232600009,6.852869988000066],[125.28462219200014,6.853859902000067],[125.28428649900002,6.855669975000183],[125.28584289500031,6.861130238000158],[125.28861236600005,6.86858987800008],[125.29450988800022,6.882100106000053],[125.29382324300002,6.897640229000046],[125.29308319100005,6.909359933000189],[125.29638671800012,6.914259910000169],[125.30200195400016,6.915180206000116],[125.32798767200018,6.862709999],[125.33152771000016,6.858439922000116],[125.33363342400025,6.855090142000051]]]]},"properties":{"municipality":"Digos City","barangay":"Dulangan"}},{"type":"Feature","geometry":{"type":"MultiPolygon","coordinates":[[[[125.28626251200012,6.80916977000004],[125.28488159200026,6.810979843000155],[125.28444671600016,6.811560155000052],[125.28285217200005,6.813159943000073],[125.28205108700013,6.813970088000019],[125.2806777950002,6.814789771999983],[125.27976226700014,6.814720153],[125.27863311700014,6.815569878000076],[125.27702331600005,6.816359997000177],[125.27683258000025,6.817709923000109],[125.27599334800004,6.819260121000127],[125.27474212700008,6.821499826000093],[125.27378082200016,6.823500157000126],[125.27290344300013,6.825479985000129],[125.27292633100012,6.828110218000063],[125.27281951900011,6.829420090000099],[125.27310943500015,6.831830025000102],[125.27397918600002,6.835080147000099],[125.27377319400011,6.838419914000099],[125.27366638100023,6.843929767000077],[125.27446746900023,6.851970196000025],[125.28428649900002,6.855669975000183],[125.28462219200014,6.853859902000067],[125.28507232600009,6.852869988000066],[125.29052734400022,6.851530076000188],[125.29810333200021,6.844689845000119],[125.30403137200005,6.832509994000134],[125.30516052200005,6.826340198000025],[125.31185913100012,6.814060212000015],[125.31484222300003,6.80850982700008],[125.31771087700008,6.804339887000026],[125.32499694900002,6.795839786000045],[125.31548309300001,6.793620110000063],[125.30451965400016,6.792270184000131],[125.30120086700003,6.796140195000135],[125.29756927400001,6.79980993200013],[125.29389190700033,6.805580140000075],[125.29194641000004,6.807519913000078],[125.28626251200012,6.80916977000004]]]]},"properties":{"municipality":"Digos City","barangay":"Goma"}},{"type":"Feature","geometry":{"type":"MultiPolygon","coordinates":[[[[125.29270172100007,6.748740195999972],[125.30268096900011,6.747159958000168],[125.31363677900015,6.744659900000102],[125.3176116950001,6.743850232000057],[125.32221221900022,6.741779805000078],[125.32486724800003,6.739980221000053],[125.33492279100005,6.731780052000033],[125.33464050300006,6.726449967000178],[125.33268737700007,6.727039815000126],[125.32813262900015,6.729539872000146],[125.32536315900018,6.730289937000123],[125.3240890510001,6.730810166000083],[125.32318115200019,6.731249809000133],[125.32286834700017,6.731719971000132],[125.32113647500023,6.732029916000101],[125.31610107500012,6.732619763000116],[125.31282043400006,6.733079910000129],[125.31336212100018,6.735070228000097],[125.30771636900022,6.737279892000174],[125.30367279000006,6.738639831000171],[125.30036926300022,6.740719796],[125.2973327630001,6.741360188000101],[125.29476165700021,6.743859768000107],[125.29270172100007,6.748740195999972]]]]},"properties":{"municipality":"Digos City","barangay":"Igpit"}},{"type":"Feature","geometry":{"type":"MultiPolygon","coordinates":[[[[125.24996948300009,6.851369858000112],[125.25067901600005,6.870190145000038],[125.25128936800013,6.88614988300003],[125.25496673500004,6.956679821000023],[125.25833129800014,6.962220192000188],[125.26167297400002,6.962600231000124],[125.29715728700012,6.966229915000042],[125.29662323000014,6.937170029000129],[125.30200195400016,6.915180206000116],[125.29638671800012,6.914259910000169],[125.29308319100005,6.909359933000189],[125.29382324300002,6.897640229000046],[125.29450988800022,6.882100106000053],[125.28861236600005,6.86858987800008],[125.28584289500031,6.861130238000158],[125.28428649900002,6.855669975000183],[125.27446746900023,6.851970196000025],[125.24996948300009,6.851369858000112]]]]},"properties":{"municipality":"Digos City","barangay":"Kapatagan"}},{"type":"Feature","geometry":{"type":"MultiPolygon","coordinates":[[[[125.34890747200018,6.78027009900012],[125.35070037800006,6.781849861000069],[125.3523330700001,6.784110069000064],[125.35601806700004,6.787769794999974],[125.35640716600005,6.788390160000063],[125.36126708900008,6.788730145000045],[125.37236785900018,6.787690164000082],[125.37603,6.78349],[125.37636881300011,6.783101263000049],[125.37774658100022,6.781519890000084],[125.36525726300022,6.780479909000064],[125.3596267690001,6.779669761000036],[125.34919738800022,6.779759885000033],[125.34890747200018,6.78027009900012]]]]},"properties":{"municipality":"Digos City","barangay":"Kiagot"}},{"type":"Feature","geometry":{"type":"MultiPolygon","coordinates":[[[[125.250877381,6.811820030000149],[125.26039123400005,6.811429977000103],[125.26764678900008,6.811079979999988],[125.2669830330002,6.808859826000173],[125.26841735800008,6.806680202000109],[125.27227783100011,6.802490235000107],[125.27657318000013,6.80003976800009],[125.27839660600011,6.799300193000136],[125.28289032100008,6.798739910000052],[125.28719329800003,6.798079968000138],[125.28856658900008,6.797709941000164],[125.28929138100023,6.796500207000065],[125.289962768,6.794750215000079],[125.2911911000001,6.793690205000132],[125.29250335700021,6.79257011500016],[125.29444122200005,6.789529800000025],[125.28051757700007,6.790160180000157],[125.2743835450002,6.790309907],[125.2656478880001,6.791059971999971],[125.25961303800011,6.791810037000175],[125.2541580200002,6.79173994100006],[125.25398254400022,6.796790123000108],[125.25222778400018,6.800059795999971],[125.25144195500002,6.80336999900004],[125.25189971900011,6.809229851000111],[125.250877381,6.811820030000149]]]]},"properties":{"municipality":"Digos City","barangay":"Lungag"}},{"type":"Feature","geometry":{"type":"MultiPolygon","coordinates":[[[[125.26764678900008,6.811079979999988],[125.28626251200012,6.80916977000004],[125.29194641000004,6.807519913000078],[125.29389190700033,6.805580140000075],[125.29756927400001,6.79980993200013],[125.30120086700003,6.796140195000135],[125.30451965400016,6.792270184000131],[125.30409240700021,6.787919998000064],[125.30711364800015,6.783279895000135],[125.31080627400002,6.778850080000154],[125.31108856200024,6.777060031000076],[125.30612182700008,6.774889947000133],[125.30129241900022,6.779510021000135],[125.29904174800004,6.783309936000023],[125.29727935800008,6.786089897000068],[125.29444122200005,6.789529800000025],[125.29250335700021,6.79257011500016],[125.2911911000001,6.793690205000132],[125.289962768,6.794750215000079],[125.28929138100023,6.796500207000065],[125.28856658900008,6.797709941000164],[125.28719329800003,6.798079968000138],[125.28289032100008,6.798739910000052],[125.27839660600011,6.799300193000136],[125.27657318000013,6.80003976800009],[125.27227783100011,6.802490235000107],[125.26841735800008,6.806680202000109],[125.2669830330002,6.808859826000173],[125.26764678900008,6.811079979999988]]]]},"properties":{"municipality":"Digos City","barangay":"Mahayahay"}},{"type":"Feature","geometry":{"type":"MultiPolygon","coordinates":[[[[125.31108856200024,6.777060031000076],[125.31298828100012,6.772459983000147],[125.31363677900015,6.771969795000075],[125.31455230700021,6.769670010000141],[125.31423187200005,6.765500068999984],[125.31474304100004,6.764029980000146],[125.31733703500004,6.761459828000113],[125.31448364200014,6.759160042000076],[125.30986786000017,6.757540226000174],[125.29015350400005,6.754909993000069],[125.28835296700004,6.758759976000022],[125.28117370600012,6.768109799000115],[125.2788772580003,6.774779797000065],[125.29953765900007,6.773419858000068],[125.30612182700008,6.774889947000133],[125.31108856200024,6.777060031000076]]]]},"properties":{"municipality":"Digos City","barangay":"Matti"}},{"type":"Feature","geometry":{"type":"MultiPolygon","coordinates":[[[[125.33267974900014,6.798699855000166],[125.34089660700022,6.800149918000159],[125.34925079300024,6.80003023200004],[125.35025024500032,6.79984998700013],[125.35041046200001,6.799940110000023],[125.34960937500011,6.792150021000054],[125.35064697300015,6.790060043000153],[125.35236358600014,6.788949966000189],[125.35455322200016,6.78857994100008],[125.35501861600005,6.788440227000024],[125.35601806700004,6.787769794999974],[125.3523330700001,6.784110069000064],[125.35070037800006,6.781849861000069],[125.34890747200018,6.78027009900012],[125.3362884530003,6.779669761000036],[125.33348083400006,6.779960157000062],[125.33291626000005,6.780290127000171],[125.33158874500009,6.782499791000021],[125.3310012830002,6.784170152000115],[125.33061218200021,6.785990239000171],[125.33036041300011,6.788430214000186],[125.32936859100005,6.791230202000065],[125.32913971000005,6.792280197000139],[125.3278884890002,6.794040204],[125.32499694900002,6.795839786000045],[125.33267974900014,6.798699855000166]]]]},"properties":{"municipality":"Digos City","barangay":"Ruparan"}},{"type":"Feature","geometry":{"type":"MultiPolygon","coordinates":[[[[125.327636718,6.774340153000082],[125.32689666800013,6.774109840000165],[125.31450653000024,6.775650025000118],[125.31108856200024,6.777060031000076],[125.31080627400002,6.778850080000154],[125.30711364800015,6.783279895000135],[125.30409240700021,6.787919998000064],[125.30451965400016,6.792270184000131],[125.31548309300001,6.793620110000063],[125.32499694900002,6.795839786000045],[125.3278884890002,6.794040204],[125.32913971000005,6.792280197000139],[125.32936859100005,6.791230202000065],[125.33036041300011,6.788430214000186],[125.33061218200021,6.785990239000171],[125.3310012830002,6.784170152000115],[125.33158874500009,6.782499791000021],[125.33291626000005,6.780290127000171],[125.33348083400006,6.779960157000062],[125.32882690400015,6.77522993000008],[125.327636718,6.774340153000082]]]]},"properties":{"municipality":"Digos City","barangay":"San Agustin"}},{"type":"Feature","geometry":{"type":"MultiPolygon","coordinates":[[[[125.35281372000009,6.74263000500008],[125.35199737500011,6.739089967000098],[125.35027313300009,6.733230115000026],[125.34915161100002,6.731279851000124],[125.34327697800006,6.727920056000016],[125.33764648400017,6.72779989300011],[125.33583831700003,6.727660179000111],[125.33464050300006,6.726449967000178],[125.33492279100005,6.731780052000033],[125.3426132200002,6.74380016300006],[125.34290313800022,6.747039794000159],[125.3426132200002,6.751760006000097],[125.34639739900001,6.74867010100013],[125.35188293400017,6.74490976400017],[125.35281372000009,6.74263000500008]]]]},"properties":{"municipality":"Digos City","barangay":"San Jose"}},{"type":"Feature","geometry":{"type":"MultiPolygon","coordinates":[[[[125.32486724800003,6.739980221000053],[125.32766723700001,6.745979787000124],[125.32749176100003,6.749279977000185],[125.32907867500012,6.749839783000141],[125.33867645300018,6.750860214000056],[125.34191131600005,6.75135993900011],[125.3426132200002,6.751760006000097],[125.34290313800022,6.747039794000159],[125.3426132200002,6.74380016300006],[125.33492279100005,6.731780052000033],[125.32486724800003,6.739980221000053]]]]},"properties":{"municipality":"Digos City","barangay":"San Miguel"}},{"type":"Feature","geometry":{"type":"MultiPolygon","coordinates":[[[[125.2541580200002,6.79173994100006],[125.25961303800011,6.791810037000175],[125.2656478880001,6.791059971999971],[125.2743835450002,6.790309907],[125.28051757700007,6.790160180000157],[125.29444122200005,6.789529800000025],[125.29727935800008,6.786089897000068],[125.29904174800004,6.783309936000023],[125.30129241900022,6.779510021000135],[125.30612182700008,6.774889947000133],[125.29953765900007,6.773419858000068],[125.2788772580003,6.774779797000065],[125.27615356500007,6.7777700420001],[125.27269744800003,6.779900074000125],[125.26656341600005,6.782999992000157],[125.2621231080002,6.785820007000154],[125.2541580200002,6.79173994100006]]]]},"properties":{"municipality":"Digos City","barangay":"San Roque"}},{"type":"Feature","geometry":{"type":"MultiPolygon","coordinates":[[[[125.38471984800015,6.770810128000164],[125.3780288690001,6.77203989100019],[125.37222290000034,6.773099900000091],[125.37074279800026,6.771770001000107],[125.36913299500009,6.764900208000029],[125.36842346200001,6.75887012600009],[125.36683654700028,6.754909993000069],[125.36676788400018,6.755060195000056],[125.36485290400003,6.757609845000161],[125.36192321700003,6.760570049000137],[125.35970306300032,6.763360024000121],[125.35764312700007,6.769070149000186],[125.3596267690001,6.779669761000036],[125.36525726300022,6.780479909000064],[125.37774658100022,6.781519890000084],[125.38723754800014,6.779223920000163],[125.38667297400013,6.778610229000094],[125.38639068600003,6.778610229000094],[125.3858337400003,6.778059960000121],[125.3855590820001,6.778059960000121],[125.38471984800015,6.777219773000184],[125.38471984800015,6.776669980000065],[125.38416290400005,6.776110172000074],[125.38416290400005,6.775559903000158],[125.38445282000009,6.77528000000018],[125.38445282000009,6.774439810999979],[125.38471984800015,6.774169923000045],[125.38471984800015,6.773890018000088],[125.38500213600003,6.77361011500011],[125.38500213600003,6.77333021100003],[125.38471984800015,6.773059846000137],[125.38471984800015,6.77277994300016],[125.38445282000009,6.772500037999976],[125.38471984800015,6.772220134000122],[125.38471984800015,6.770810128000164]]]]},"properties":{"municipality":"Digos City","barangay":"Sinawilan"}},{"type":"Feature","geometry":{"type":"MultiPolygon","coordinates":[[[[125.35041046200001,6.799940110000023],[125.35043334900001,6.800020217000167],[125.35534667900015,6.799039841000081],[125.36511201300004,6.799859978000143],[125.36721762000013,6.796334675000082],[125.36753082200005,6.795810222000114],[125.37236785900018,6.787690164000082],[125.36126708900008,6.788730145000045],[125.35640716600005,6.788390160000063],[125.35601806700004,6.787769794999974],[125.35501861600005,6.788440227000024],[125.35455322200016,6.78857994100008],[125.35236358600014,6.788949966000189],[125.35064697300015,6.790060043000153],[125.34960937500011,6.792150021000054],[125.35041046200001,6.799940110000023]]]]},"properties":{"municipality":"Digos City","barangay":"Soong"}},{"type":"Feature","geometry":{"type":"MultiPolygon","coordinates":[[[[125.32749176100003,6.749279977000185],[125.32592010500002,6.747729779000167],[125.32496643000013,6.750090122000131],[125.32457733200022,6.75613021800001],[125.32398223900009,6.759089947000064],[125.32714843700023,6.760849954000093],[125.32630920300005,6.763559818000147],[125.32814025900007,6.764009952000094],[125.34175872700007,6.762249947000043],[125.34210968100001,6.756750107000073],[125.34207153400018,6.752500058000066],[125.3426132200002,6.751760006000097],[125.34191131600005,6.75135993900011],[125.33867645300018,6.750860214000056],[125.32907867500012,6.749839783000141],[125.32749176100003,6.749279977000185]]]]},"properties":{"municipality":"Digos City","barangay":"Tiguman"}},{"type":"Feature","geometry":{"type":"MultiPolygon","coordinates":[[[[125.32630920300005,6.763559818000147],[125.32527923500015,6.764420032999965],[125.32633209200014,6.766699791000121],[125.32846069400023,6.768849849000048],[125.327636718,6.774340153000082],[125.32882690400015,6.77522993000008],[125.33348083400006,6.779960157000062],[125.3362884530003,6.779669761000036],[125.34890747200018,6.78027009900012],[125.34919738800022,6.779759885000033],[125.34890747200018,6.778540135000185],[125.3473663320002,6.777589798000122],[125.34517669700017,6.774020196000038],[125.34320068400018,6.76649999600005],[125.34271240200007,6.766600133000054],[125.34198761000016,6.764870167000083],[125.34208679200003,6.763519764000023],[125.34175872700007,6.762249947000043],[125.32814025900007,6.764009952000094],[125.32630920300005,6.763559818000147]]]]},"properties":{"municipality":"Digos City","barangay":"Tres de Mayo"}},{"type":"Feature","geometry":{"type":"MultiPolygon","coordinates":[[[[125.34919738800022,6.779759885000033],[125.3596267690001,6.779669761000036],[125.35764312700007,6.769070149000186],[125.35970306300032,6.763360024000121],[125.3510665880001,6.765719890000184],[125.34452056900022,6.766660214000183],[125.34320068400018,6.76649999600005],[125.34517669700017,6.774020196000038],[125.3473663320002,6.777589798000122],[125.34890747200018,6.778540135000185],[125.34919738800022,6.779759885000033]]]]},"properties":{"municipality":"Digos City","barangay":"Zone 1"}},{"type":"Feature","geometry":{"type":"MultiPolygon","coordinates":[[[[125.35970306300032,6.763360024000121],[125.36192321700003,6.760570049000137],[125.36485290400003,6.757609845000161],[125.36676788400018,6.755060195000056],[125.35771942200006,6.756299973000125],[125.35054779100005,6.759419919000152],[125.34570312400024,6.761559964000071],[125.34208679200003,6.763519764000023],[125.34198761000016,6.764870167000083],[125.34271240200007,6.766600133000054],[125.34320068400018,6.76649999600005],[125.34452056900022,6.766660214000183],[125.3510665880001,6.765719890000184],[125.35970306300032,6.763360024000121]]]]},"properties":{"municipality":"Digos City","barangay":"Zone 2"}},{"type":"Feature","geometry":{"type":"MultiPolygon","coordinates":[[[[125.36683654700028,6.754909993000069],[125.3608627320001,6.751259804000085],[125.35724639800003,6.748239995000063],[125.35695648200021,6.748000144000059],[125.3546371460003,6.746059896000077],[125.35433959900013,6.745470048000129],[125.3539505010001,6.744709968000109],[125.35352325300005,6.743780136000112],[125.35281372000009,6.74263000500008],[125.35188293400017,6.74490976400017],[125.34639739900001,6.74867010100013],[125.3426132200002,6.751760006000097],[125.34207153400018,6.752500058000066],[125.34210968100001,6.756750107000073],[125.34175872700007,6.762249947000043],[125.34208679200003,6.763519764000023],[125.34570312400024,6.761559964000071],[125.35054779100005,6.759419919000152],[125.35771942200006,6.756299973000125],[125.36676788400018,6.755060195000056],[125.36683654700028,6.754909993000069]]]]},"properties":{"municipality":"Digos City","barangay":"Zone 3"}},{"type":"Feature","geometry":{"type":"MultiPolygon","coordinates":[[[[125.34915161100002,6.731279851000124],[125.3568801880001,6.730199815000105],[125.35709381100014,6.730169774000046],[125.36235809200002,6.729440212000043],[125.3722763070001,6.728330135000135],[125.37339019700005,6.727700233000064],[125.37328338700024,6.727190019000147],[125.37312316900011,6.72700023800013],[125.37291717500011,6.725959779000107],[125.37293243500017,6.72559022900009],[125.37299346800012,6.723179816000027],[125.37313842700019,6.720540047000043],[125.37397003100023,6.717760087000045],[125.37442016500017,6.716969968000171],[125.37473297200006,6.716670036000039],[125.37473297200006,6.715000153000119],[125.37442779500009,6.714719772000137],[125.37429046600005,6.71545982400005],[125.37210083100013,6.716469764000124],[125.37098693900009,6.716519832000188],[125.35675811700003,6.71545982400005],[125.35401916400019,6.715209959999981],[125.34606933600003,6.715310097000042],[125.34573364300002,6.718830110000056],[125.34664917100008,6.722630023000136],[125.34915161100002,6.731279851000124]]]]},"properties":{"municipality":"Hagonoy","barangay":"Balutakay"}},{"type":"Feature","geometry":{"type":"MultiPolygon","coordinates":[[[[125.24476623500016,6.691770077000115],[125.2687072760001,6.693280220000076],[125.27218627900015,6.693319797000072],[125.27339935400005,6.688230038000029],[125.2727890020002,6.685589790000051],[125.26558685300017,6.682320119000167],[125.25936889600018,6.6816000930001],[125.25599670300016,6.681590080000035],[125.24495697100008,6.683010101000036],[125.24458313100013,6.687530041000116],[125.24476623500016,6.691770077000115]]]]},"properties":{"municipality":"Hagonoy","barangay":"Clib"}},{"type":"Feature","geometry":{"type":"MultiPolygon","coordinates":[[[[125.36045074500021,6.689990044000183],[125.36334228600026,6.689670086000149],[125.36329650900029,6.688360215000046],[125.36184692300026,6.680809975999978],[125.3578033440001,6.678850174000047],[125.35183715900018,6.678979874999982],[125.34023284800003,6.679359912999985],[125.34249877900004,6.681079866000118],[125.34172821100003,6.684040070000094],[125.3425369260001,6.686600209000062],[125.34597015400016,6.688529968000125],[125.34697723400018,6.688220025000021],[125.34834289500009,6.688389778000101],[125.34880065900029,6.688910008000164],[125.35185241700003,6.690649987000143],[125.35370635900017,6.690909862000069],[125.35452270500002,6.690189837999981],[125.35555267300015,6.690060139000025],[125.35703277500022,6.689310074000048],[125.35883331200023,6.688560009000071],[125.36045074500021,6.689990044000183]]]]},"properties":{"municipality":"Hagonoy","barangay":"Guihing"}},{"type":"Feature","geometry":{"type":"MultiPolygon","coordinates":[[[[125.3578033440001,6.678850174000047],[125.36184692300026,6.680809975999978],[125.36329650900029,6.688360215000046],[125.36334228600026,6.689670086000149],[125.36045074500021,6.689990044000183],[125.36125946100015,6.690839768000103],[125.36360168500016,6.69158983300008],[125.36578369100005,6.690480232000027],[125.3675689690001,6.689109802000189],[125.36926269600019,6.689789772000097],[125.37122345000012,6.691170216000103],[125.37313079900002,6.692679882000164],[125.37534332300015,6.695899963000045],[125.37757873500004,6.695240022000064],[125.37846374500009,6.696060181000121],[125.37992096000028,6.695789815000182],[125.38083648600002,6.692510129000027],[125.38027954200015,6.68972015300011],[125.37999725400005,6.689439773],[125.37999725400005,6.689169885000069],[125.38027954200015,6.688889980000113],[125.38027954200015,6.687779902999978],[125.3804168710002,6.687160016000121],[125.3811111460002,6.684720039000126],[125.38188934300001,6.683730125000125],[125.38265228300008,6.68115997200016],[125.38368988000002,6.679210186000148],[125.38381195000022,6.678530216000183],[125.38361358600014,6.677639962000057],[125.38375091500018,6.676179886000057],[125.38403320300006,6.672500134000074],[125.38398742600009,6.672339916000112],[125.38307952800017,6.671649934000072],[125.3807296760001,6.67183017800005],[125.371147156,6.67195987600013],[125.36284637500034,6.67216014800016],[125.35756683300019,6.672719956000151],[125.35582733100011,6.672749996000107],[125.35704803600015,6.676400184000158],[125.3578033440001,6.678850174000047]]]]},"properties":{"municipality":"Hagonoy","barangay":"Guihing Aplaya"}},{"type":"Feature","geometry":{"type":"MultiPolygon","coordinates":[[[[125.29991149900013,6.671710014000041],[125.29884338400018,6.678649902000132],[125.30985260000011,6.680399894000175],[125.31935119700006,6.680779934000157],[125.33013153000002,6.678589822000163],[125.32747650200008,6.67560005200005],[125.32599639800003,6.672050000000127],[125.31958007800029,6.67182016400011],[125.31463623100024,6.67165994700008],[125.31006622400002,6.671360016000051],[125.30740356500007,6.671710014000041],[125.30330658000014,6.671309948000157],[125.29991149900013,6.671710014000041]]]]},"properties":{"municipality":"Hagonoy","barangay":"Hagonoy Crossing"}},{"type":"Feature","geometry":{"type":"MultiPolygon","coordinates":[[[[125.29501342700007,6.706260204000046],[125.28246307300026,6.707670212000039],[125.27452850400005,6.709010125000134],[125.27291107100007,6.709360123000124],[125.26867675700021,6.708409787],[125.27005767700007,6.710380077000138],[125.27050018300008,6.712240219000023],[125.2710189820001,6.713200093000069],[125.26905822800006,6.716979981000179],[125.26909637500012,6.719649791000109],[125.26817321900012,6.721270084000139],[125.29284668000014,6.721680164000134],[125.30158233700001,6.721690179000177],[125.29927063100001,6.717120170000157],[125.30078124900001,6.713850022000088],[125.30876159600007,6.707600116000094],[125.31416320900018,6.705659867000065],[125.3169937140002,6.704249859000072],[125.29501342700007,6.706260204000046]]]]},"properties":{"municipality":"Hagonoy","barangay":"Kibuaya"}},{"type":"Feature","geometry":{"type":"MultiPolygon","coordinates":[[[[125.27218627900015,6.693319797000072],[125.2687072760001,6.693280220000076],[125.24476623500016,6.691770077000115],[125.2451629630001,6.696390153000095],[125.24532318100023,6.70488977399998],[125.26248169000019,6.705100059000074],[125.26828765900018,6.703400135000095],[125.27069854700017,6.702179910000154],[125.27089691100002,6.701079846000084],[125.27218627900015,6.693319797000072]]]]},"properties":{"municipality":"Hagonoy","barangay":"La Union"}},{"type":"Feature","geometry":{"type":"MultiPolygon","coordinates":[[[[125.32836151200001,6.712860108000086],[125.32981872500022,6.70030021700012],[125.3285827640002,6.695479871000089],[125.32356262200028,6.695730210000136],[125.31905365000011,6.696330071000091],[125.31707000800009,6.704239846000064],[125.3169937140002,6.704249859000072],[125.31752777100007,6.705850124000051],[125.31845092700007,6.714710237000133],[125.31931305000023,6.718840123000064],[125.31594085700021,6.722360134999974],[125.32643890400004,6.724329948000161],[125.33464050300006,6.726449967000178],[125.32836151200001,6.712860108000086]]]]},"properties":{"municipality":"Hagonoy","barangay":"Lanuro"}},{"type":"Feature","geometry":{"type":"MultiPolygon","coordinates":[[[[125.2727890020002,6.685589790000051],[125.27339935400005,6.688230038000029],[125.28204345600011,6.689109802000189],[125.29321289000006,6.69092989000012],[125.29704284700006,6.690760137000041],[125.2977981570001,6.686580181000011],[125.29765319800003,6.682260036000059],[125.29884338400018,6.678649902000132],[125.29991149900013,6.671710014000041],[125.29547882100019,6.67192983700005],[125.289962768,6.671689988000026],[125.28574371200023,6.671619893000127],[125.2836074820002,6.671629906000021],[125.27951049800015,6.67183017800005],[125.27890014600007,6.678030013000125],[125.2727890020002,6.685589790000051]]]]},"properties":{"municipality":"Hagonoy","barangay":"Lapulabao"}},{"type":"Feature","geometry":{"type":"MultiPolygon","coordinates":[[[[125.34606933600003,6.715310097000042],[125.35401916400019,6.715209959999981],[125.35675811700003,6.71545982400005],[125.37098693900009,6.716519832000188],[125.37210083100013,6.716469764000124],[125.37429046600005,6.71545982400005],[125.37442779500009,6.714719772000137],[125.37473297200006,6.714439869000159],[125.37473297200006,6.714169979000189],[125.3745574940001,6.71400976200016],[125.37444305400004,6.713890076000041],[125.37444305400004,6.713610173000063],[125.37416839600007,6.713329792000025],[125.37416839600007,6.712220193000178],[125.37444305400004,6.711939812000139],[125.37444305400004,6.710830212000189],[125.37473297200006,6.708459854000182],[125.37502288800022,6.705399991000036],[125.37634277300003,6.702070237000044],[125.37737274100004,6.700119973000142],[125.37806701600005,6.69942998800019],[125.37889099200015,6.698329927000032],[125.37917327800005,6.698060036000129],[125.37917327800005,6.697780133000151],[125.37944793800023,6.69750976600011],[125.37992096000028,6.695789815000182],[125.37846374500009,6.696060181000121],[125.37757873500004,6.695240022000064],[125.37534332300015,6.695899963000045],[125.37313079900002,6.692679882000164],[125.37122345000012,6.691170216000103],[125.36926269600019,6.689789772000097],[125.3675689690001,6.689109802000189],[125.36578369100005,6.690480232000027],[125.36360168500016,6.69158983300008],[125.36125946100015,6.690839768000103],[125.36045074500021,6.689990044000183],[125.35883331200023,6.688560009000071],[125.35703277500022,6.689310074000048],[125.35555267300015,6.690060139000025],[125.35452270500002,6.690189837999981],[125.35370635900017,6.690909862000069],[125.35185241700003,6.690649987000143],[125.34880065900029,6.688910008000164],[125.34834289500009,6.688389778000101],[125.34697723400018,6.688220025000021],[125.34597015400016,6.688529968000125],[125.3425369260001,6.686600209000062],[125.33821868900009,6.69469976400012],[125.33183288700002,6.694910049000043],[125.3301010130001,6.694340230000023],[125.3285827640002,6.695479871000089],[125.32981872500022,6.70030021700012],[125.32836151200001,6.712860108000086],[125.33103179900002,6.713079930000163],[125.33444213900009,6.714179992000027],[125.34298706000004,6.714670182000134],[125.34606933600003,6.715310097000042]]]]},"properties":{"municipality":"Hagonoy","barangay":"Leling"}},{"type":"Feature","geometry":{"type":"MultiPolygon","coordinates":[[[[125.27339935400005,6.688230038000029],[125.27218627900015,6.693319797000072],[125.27999115000011,6.698339940000039],[125.28897094800004,6.70057010700009],[125.29138183600003,6.700429917],[125.29398345900006,6.698369981000099],[125.29427337700008,6.698460103000116],[125.29570770200007,6.693689824000046],[125.29704284700006,6.690760137000041],[125.29321289000006,6.69092989000012],[125.28204345600011,6.689109802000189],[125.27339935400005,6.688230038000029]]]]},"properties":{"municipality":"Hagonoy","barangay":"Mahayahay"}},{"type":"Feature","geometry":{"type":"MultiPolygon","coordinates":[[[[125.24495697100008,6.683010101000036],[125.25599670300016,6.681590080000035],[125.25936889600018,6.6816000930001],[125.26558685300017,6.682320119000167],[125.2727890020002,6.685589790000051],[125.27890014600007,6.678030013000125],[125.27951049800015,6.67183017800005],[125.27504730300006,6.671870232000174],[125.27262878500017,6.67156982500012],[125.26761627300004,6.671800136000059],[125.26676940800019,6.672009946000173],[125.26615142900016,6.673389913000051],[125.26087951700003,6.677380085000152],[125.25877380300005,6.676509857000099],[125.25691223100023,6.675849916000118],[125.24503326400009,6.68002986900018],[125.24495697100008,6.683010101000036]]]]},"properties":{"municipality":"Hagonoy","barangay":"Malabang Damsite"}},{"type":"Feature","geometry":{"type":"MultiPolygon","coordinates":[[[[125.26867675700021,6.708409787],[125.27291107100007,6.709360123000124],[125.27452850400005,6.709010125000134],[125.28246307300026,6.707670212000039],[125.29501342700007,6.706260204000046],[125.29385376000016,6.703209878000109],[125.29427337700008,6.698460103000116],[125.29398345900006,6.698369981000099],[125.29138183600003,6.700429917],[125.28897094800004,6.70057010700009],[125.27999115000011,6.698339940000039],[125.27218627900015,6.693319797000072],[125.27089691100002,6.701079846000084],[125.27069854700017,6.702179910000154],[125.26828765900018,6.703400135000095],[125.26894378700024,6.70488977399998],[125.26867675700021,6.708409787]]]]},"properties":{"municipality":"Hagonoy","barangay":"Maliit Digos"}},{"type":"Feature","geometry":{"type":"MultiPolygon","coordinates":[[[[125.26817321900012,6.721270084000139],[125.26909637500012,6.719649791000109],[125.26905822800006,6.716979981000179],[125.2710189820001,6.713200093000069],[125.27050018300008,6.712240219000023],[125.27005767700007,6.710380077000138],[125.26867675700021,6.708409787],[125.26894378700024,6.70488977399998],[125.26828765900018,6.703400135000095],[125.26248169000019,6.705100059000074],[125.24532318100023,6.70488977399998],[125.24523162900027,6.721970082000155],[125.25083160400004,6.721930028000031],[125.26817321900012,6.721270084000139]]]]},"properties":{"municipality":"Hagonoy","barangay":"New Quezon"}},{"type":"Feature","geometry":{"type":"MultiPolygon","coordinates":[[[[125.3578033440001,6.678850174000047],[125.35704803600015,6.676400184000158],[125.35582733100011,6.672749996000107],[125.35022735600012,6.672410012000057],[125.34559631400009,6.673250199000051],[125.3398666380001,6.672749996000107],[125.33895111000004,6.676350117000027],[125.34030151400009,6.678110122000078],[125.34023284800003,6.679359912999985],[125.35183715900018,6.678979874999982],[125.3578033440001,6.678850174000047]]]]},"properties":{"municipality":"Hagonoy","barangay":"Paligue"}},{"type":"Feature","geometry":{"type":"MultiPolygon","coordinates":[[[[125.3425369260001,6.686600209000062],[125.34172821100003,6.684040070000094],[125.3408126830002,6.68477010700019],[125.3399429320001,6.685100079000108],[125.33914184700018,6.684229851000055],[125.33573913500015,6.683690071000171],[125.33470916700003,6.683420181000031],[125.3337173450002,6.683179855000049],[125.33335876600006,6.6816000930001],[125.3317184440001,6.679560185000071],[125.33013153000002,6.678589822000163],[125.31935119700006,6.680779934000157],[125.318542481,6.680950165000127],[125.31878662100007,6.688350201000105],[125.31889343300008,6.693910122000148],[125.31905365000011,6.696330071000091],[125.32356262200028,6.695730210000136],[125.3285827640002,6.695479871000089],[125.3301010130001,6.694340230000023],[125.33183288700002,6.694910049000043],[125.33821868900009,6.69469976400012],[125.3425369260001,6.686600209000062]]]]},"properties":{"municipality":"Hagonoy","barangay":"Poblacion"}},{"type":"Feature","geometry":{"type":"MultiPolygon","coordinates":[[[[125.31935119700006,6.680779934000157],[125.30985260000011,6.680399894000175],[125.29884338400018,6.678649902000132],[125.29765319800003,6.682260036000059],[125.2977981570001,6.686580181000011],[125.29704284700006,6.690760137000041],[125.29570770200007,6.693689824000046],[125.29427337700008,6.698460103000116],[125.29385376000016,6.703209878000109],[125.29501342700007,6.706260204000046],[125.3169937140002,6.704249859000072],[125.31707000800009,6.704239846000064],[125.31905365000011,6.696330071000091],[125.31889343300008,6.693910122000148],[125.31878662100007,6.688350201000105],[125.318542481,6.680950165000127],[125.31935119700006,6.680779934000157]]]]},"properties":{"municipality":"Hagonoy","barangay":"Sacub"}},{"type":"Feature","geometry":{"type":"MultiPolygon","coordinates":[[[[125.24503326400009,6.68002986900018],[125.25691223100023,6.675849916000118],[125.25877380300005,6.676509857000099],[125.26087951700003,6.677380085000152],[125.26615142900016,6.673389913000051],[125.26676940800019,6.672009946000173],[125.26761627300004,6.671800136000059],[125.26178741500019,6.67183017800005],[125.25701904300001,6.670000077000054],[125.25341797000021,6.66902017600006],[125.25135040300029,6.669600010000067],[125.24536132800006,6.669509888999983],[125.24476623500016,6.678810120000094],[125.24503326400009,6.68002986900018]]]]},"properties":{"municipality":"Hagonoy","barangay":"San Guillermo"}},{"type":"Feature","geometry":{"type":"MultiPolygon","coordinates":[[[[125.33464050300006,6.726449967000178],[125.33583831700003,6.727660179000111],[125.33764648400017,6.72779989300011],[125.34327697800006,6.727920056000016],[125.34915161100002,6.731279851000124],[125.34664917100008,6.722630023000136],[125.34573364300002,6.718830110000056],[125.34606933600003,6.715310097000042],[125.34298706000004,6.714670182000134],[125.33444213900009,6.714179992000027],[125.33103179900002,6.713079930000163],[125.32836151200001,6.712860108000086],[125.33464050300006,6.726449967000178]]]]},"properties":{"municipality":"Hagonoy","barangay":"San Isidro"}},{"type":"Feature","geometry":{"type":"MultiPolygon","coordinates":[[[[125.3169937140002,6.704249859000072],[125.31416320900018,6.705659867000065],[125.30876159600007,6.707600116000094],[125.30078124900001,6.713850022000088],[125.29927063100001,6.717120170000157],[125.30158233700001,6.721690179000177],[125.31594085700021,6.722360134999974],[125.31931305000023,6.718840123000064],[125.31845092700007,6.714710237000133],[125.31752777100007,6.705850124000051],[125.3169937140002,6.704249859000072]]]]},"properties":{"municipality":"Hagonoy","barangay":"Sinayawan"}},{"type":"Feature","geometry":{"type":"MultiPolygon","coordinates":[[[[125.34172821100003,6.684040070000094],[125.34249877900004,6.681079866000118],[125.34023284800003,6.679359912999985],[125.34030151400009,6.678110122000078],[125.33895111000004,6.676350117000027],[125.3398666380001,6.672749996000107],[125.33870696900021,6.672800065000104],[125.3334884640002,6.672140122000144],[125.33122253300019,6.672130109000079],[125.32723998900019,6.67195987600013],[125.32599639800003,6.672050000000127],[125.32747650200008,6.67560005200005],[125.33013153000002,6.678589822000163],[125.3317184440001,6.679560185000071],[125.33335876600006,6.6816000930001],[125.3337173450002,6.683179855000049],[125.33470916700003,6.683420181000031],[125.33573913500015,6.683690071000171],[125.33914184700018,6.684229851000055],[125.3399429320001,6.685100079000108],[125.3408126830002,6.68477010700019],[125.34172821100003,6.684040070000094]]]]},"properties":{"municipality":"Hagonoy","barangay":"Tologan"}},{"type":"Feature","geometry":{"type":"MultiPolygon","coordinates":[[[[125.22113800000011,6.65396022800013],[125.21894073400006,6.651919842000041],[125.21276092500023,6.65208005900007],[125.20020294100016,6.653200150000146],[125.19434356700015,6.65409994200013],[125.15766906800013,6.656380176000141],[125.1531600950002,6.659080028000062],[125.14607238700012,6.669159890000117],[125.18039703300008,6.669400216000099],[125.19799804800004,6.669740200000149],[125.20137023900008,6.669660091000026],[125.2080230700002,6.669340133000162],[125.21233368000014,6.669280053000023],[125.21647644100017,6.665390016000117],[125.21808624200003,6.663030148000075],[125.22148132300003,6.658949852000148],[125.22052764900013,6.65566015200011],[125.22113800000011,6.65396022800013]]]]},"properties":{"municipality":"Kiblawan","barangay":"Abnate"}},{"type":"Feature","geometry":{"type":"MultiPolygon","coordinates":[[[[125.23191833500005,6.605020047000096],[125.23101043700012,6.604969979000032],[125.22844696000004,6.605370046000189],[125.22743988000002,6.605619907000175],[125.2255783080002,6.604949951000151],[125.22271728600003,6.60348987500015],[125.22061157300016,6.603240013000061],[125.21685790900005,6.599549771000113],[125.21338653600003,6.602869988000123],[125.2150192260001,6.606150150000076],[125.22485351600005,6.609000206000189],[125.2285614000001,6.610179901000151],[125.23013305600011,6.611839771000177],[125.23458099400023,6.609230041999979],[125.2365264890002,6.607950211000059],[125.23625183100012,6.606969833000107],[125.23407745400016,6.605500222000103],[125.23191833500005,6.605020047000096]]]]},"properties":{"municipality":"Kiblawan","barangay":"Bagong Negros"}},{"type":"Feature","geometry":{"type":"MultiPolygon","coordinates":[[[[125.25186920200031,6.62763977200018],[125.25325775200008,6.632080078000058],[125.2557220450002,6.635529994000024],[125.26069641100003,6.640769959000068],[125.26167297400002,6.639599800000155],[125.26647949200003,6.635069847000068],[125.2697067260001,6.63356018200011],[125.27044677800018,6.630760193000185],[125.27137756400009,6.628849983],[125.27136230600024,6.627669811000089],[125.26004028300008,6.628409863000059],[125.25382995700011,6.628129960000081],[125.25186920200031,6.62763977200018]]]]},"properties":{"municipality":"Kiblawan","barangay":"Bagong Silang"}},{"type":"Feature","geometry":{"type":"MultiPolygon","coordinates":[[[[125.24305725200009,6.630259992000106],[125.2425689690001,6.63069009700007],[125.23996734700006,6.630259992000106],[125.23381805400015,6.629749776000153],[125.23243713400007,6.628729820000103],[125.22873687800018,6.621290207000186],[125.21881103600015,6.620689869000046],[125.18128204400023,6.621960162999983],[125.17501831100003,6.634840012000154],[125.20731353700012,6.634240151000142],[125.21378326500007,6.63448],[125.21851348900009,6.633800030000089],[125.21896362300004,6.636270046000163],[125.22142028800022,6.638279915000112],[125.22083282500034,6.636199951000151],[125.22181701700003,6.63548994000007],[125.22399902400002,6.635980130000121],[125.22569274800003,6.63536977900003],[125.2270736700001,6.636040211000079],[125.22821044900002,6.636010169000031],[125.22943878100011,6.636350155000116],[125.2300567630001,6.637030124000148],[125.23101043700012,6.635839939000164],[125.23171997100019,6.636079788000018],[125.23323059100017,6.636569978000125],[125.23502349800003,6.637979984000083],[125.23567199600006,6.639440060000084],[125.23506927500023,6.639699937000159],[125.23493194600007,6.639770030000022],[125.23525238100024,6.639850139000146],[125.23834228600003,6.64022016600012],[125.23887634300024,6.640460014999974],[125.24006652900016,6.64052009500017],[125.24150848400018,6.640369893000184],[125.24239349300012,6.640510082000162],[125.24330902100019,6.63812017500004],[125.24305725200009,6.630259992000106]]]]},"properties":{"municipality":"Kiblawan","barangay":"Bagumbayan"}},{"type":"Feature","geometry":{"type":"MultiPolygon","coordinates":[[[[125.21685790900005,6.599549771000113],[125.22061157300016,6.603240013000061],[125.22271728600003,6.60348987500015],[125.2255783080002,6.604949951000151],[125.22743988000002,6.605619907000175],[125.22844696000004,6.605370046000189],[125.23101043700012,6.604969979000032],[125.23191833500005,6.605020047000096],[125.23304748500004,6.604060174000153],[125.23639679000019,6.602759838000054],[125.23874664300001,6.601749896000172],[125.23679351800013,6.59541988400008],[125.2183837880001,6.594669819000103],[125.21685790900005,6.599549771000113]]]]},"properties":{"municipality":"Kiblawan","barangay":"Balasiao"}},{"type":"Feature","geometry":{"type":"MultiPolygon","coordinates":[[[[125.2150192260001,6.606150150000076],[125.21338653600003,6.602869988000123],[125.21283721900011,6.602960110000083],[125.18840789800004,6.60371017500006],[125.18740844700005,6.606369973000028],[125.184700012,6.613599777000161],[125.19286346500007,6.611579894000101],[125.2175369260001,6.611440183000184],[125.2150192260001,6.606150150000076]]]]},"properties":{"municipality":"Kiblawan","barangay":"Bonifacio"}},{"type":"Feature","geometry":{"type":"MultiPolygon","coordinates":[[[[125.25325775200008,6.632080078000058],[125.25186920200031,6.62763977200018],[125.2524414070001,6.62516021800019],[125.25276184100005,6.624340057000097],[125.24389648400006,6.620079995000026],[125.24337768500004,6.629809856000122],[125.24363708400006,6.630149842000037],[125.24559021000005,6.630509854000138],[125.2476272580002,6.631720066000071],[125.24817657400001,6.631879808000178],[125.24925994800003,6.632239820000109],[125.25325775200008,6.632080078000058]]]]},"properties":{"municipality":"Kiblawan","barangay":"Bulol-Salo"}},{"type":"Feature","geometry":{"type":"MultiPolygon","coordinates":[[[[125.21338653600003,6.602869988000123],[125.21685790900005,6.599549771000113],[125.2183837880001,6.594669819000103],[125.19291687000009,6.593329907000054],[125.19154357800016,6.595890046000079],[125.18997192400002,6.599780084000031],[125.18985748400007,6.600080013000081],[125.18840789800004,6.60371017500006],[125.21283721900011,6.602960110000083],[125.21338653600003,6.602869988000123]]]]},"properties":{"municipality":"Kiblawan","barangay":"Bunot"}},{"type":"Feature","geometry":{"type":"MultiPolygon","coordinates":[[[[125.23013305600011,6.611839771000177],[125.2285614000001,6.610179901000151],[125.22485351600005,6.609000206000189],[125.2150192260001,6.606150150000076],[125.2175369260001,6.611440183000184],[125.2220077510002,6.613420010000084],[125.22722625800009,6.612259866000045],[125.23013305600011,6.611839771000177]]]]},"properties":{"municipality":"Kiblawan","barangay":"Cogon-Bacaca"}},{"type":"Feature","geometry":{"type":"MultiPolygon","coordinates":[[[[125.25186920200031,6.62763977200018],[125.25382995700011,6.628129960000081],[125.26004028300008,6.628409863000059],[125.27136230600024,6.627669811000089],[125.27047729400022,6.624559880000049],[125.27052307100018,6.622059823000086],[125.26924133400007,6.620610237000051],[125.26821899400022,6.618639945000098],[125.26818847700008,6.618209840000134],[125.26618957600022,6.617249964999985],[125.26434326200001,6.617340088999981],[125.26024627700008,6.617539883000177],[125.25868988000013,6.616909981000106],[125.25830841100014,6.616270066000027],[125.25641632000031,6.615729809000186],[125.25276184100005,6.624340057000097],[125.2524414070001,6.62516021800019],[125.25186920200031,6.62763977200018]]]]},"properties":{"municipality":"Kiblawan","barangay":"Dapok"}},{"type":"Feature","geometry":{"type":"MultiPolygon","coordinates":[[[[125.25641632000031,6.615729809000186],[125.25830841100014,6.616270066000027],[125.25868988000013,6.616909981000106],[125.26024627700008,6.617539883000177],[125.26434326200001,6.617340088999981],[125.26618957600022,6.617249964999985],[125.26818847700008,6.618209840000134],[125.26927185000011,6.615399838000144],[125.26129150400027,6.610970021000185],[125.25775909400022,6.608300208000173],[125.25720977800006,6.60936021800012],[125.25697326700015,6.613450050000097],[125.25641632000031,6.615729809000186]]]]},"properties":{"municipality":"Kiblawan","barangay":"Ihan"}},{"type":"Feature","geometry":{"type":"MultiPolygon","coordinates":[[[[125.248947143,6.653779984000153],[125.24797821000004,6.648320198000135],[125.2480468760001,6.646100044000093],[125.24684906000005,6.640810014000067],[125.2461395260002,6.640240192000022],[125.24474334800016,6.639200211000059],[125.24330902100019,6.63812017500004],[125.24466705300028,6.641429901000151],[125.24358367900004,6.648459912000135],[125.24127197300004,6.651939868000113],[125.23901367200017,6.655889988000126],[125.24329376300034,6.655129910000085],[125.24658203200022,6.654329777000044],[125.248947143,6.653779984000153]]]]},"properties":{"municipality":"Kiblawan","barangay":"Kibongbong"}},{"type":"Feature","geometry":{"type":"MultiPolygon","coordinates":[[[[125.22873687800018,6.621290207000186],[125.23243713400007,6.628729820000103],[125.23381805400015,6.629749776000153],[125.23996734700006,6.630259992000106],[125.2425689690001,6.63069009700007],[125.24305725200009,6.630259992000106],[125.24337768500004,6.629809856000122],[125.24389648400006,6.620079995000026],[125.23222351200002,6.620940208000093],[125.23081970100009,6.619909764000056],[125.22873687800018,6.621290207000186]]]]},"properties":{"municipality":"Kiblawan","barangay":"Kimlawis"}},{"type":"Feature","geometry":{"type":"MultiPolygon","coordinates":[[[[125.24389648400006,6.620079995000026],[125.25276184100005,6.624340057000097],[125.25641632000031,6.615729809000186],[125.24817657400001,6.615509986000177],[125.24220275900018,6.61618995800012],[125.24389648400006,6.620079995000026]]]]},"properties":{"municipality":"Kiblawan","barangay":"Kisulan"}},{"type":"Feature","geometry":{"type":"MultiPolygon","coordinates":[[[[125.25775909400022,6.608300208000173],[125.26129150400027,6.610970021000185],[125.26927185000011,6.615399838000144],[125.27188110300006,6.611169814999982],[125.27185058600014,6.608099938000123],[125.27236938500005,6.606579780000118],[125.27076721300011,6.60292005600013],[125.2663574210003,6.60292005600013],[125.25859069700005,6.602340221000077],[125.25775909400022,6.608300208000173]]]]},"properties":{"municipality":"Kiblawan","barangay":"Lati-An"}},{"type":"Feature","geometry":{"type":"MultiPolygon","coordinates":[[[[125.15766906800013,6.656380176000141],[125.19434356700015,6.65409994200013],[125.20020294100016,6.653200150000146],[125.21276092500023,6.65208005900007],[125.21894073400006,6.651919842000041],[125.22113800000011,6.65396022800013],[125.21994018600014,6.64795017300014],[125.21991729800004,6.646269798000105],[125.21800994800014,6.64553022500013],[125.21441650500003,6.645460129000185],[125.19686126700003,6.644869804000109],[125.1932220460003,6.643559933000176],[125.1893234260001,6.641940117000047],[125.18406677300015,6.639669895000168],[125.17501831100003,6.634840012000154],[125.15766906800013,6.656380176000141]]]]},"properties":{"municipality":"Kiblawan","barangay":"Manual"}},{"type":"Feature","geometry":{"type":"MultiPolygon","coordinates":[[[[125.25720977800006,6.60936021800012],[125.25775909400022,6.608300208000173],[125.25859069700005,6.602340221000077],[125.25440216100003,6.596059799000159],[125.24353790200007,6.595560074000105],[125.24817657400001,6.603290081000125],[125.24910736000004,6.606840134000151],[125.25057983400006,6.608809949000147],[125.25457763700001,6.609449864000055],[125.25720977800006,6.60936021800012]]]]},"properties":{"municipality":"Kiblawan","barangay":"Maraga-A"}},{"type":"Feature","geometry":{"type":"MultiPolygon","coordinates":[[[[125.18128204400023,6.621960162999983],[125.21881103600015,6.620689869000046],[125.22873687800018,6.621290207000186],[125.2279968260001,6.619369984000173],[125.22487640500003,6.61599016100007],[125.22273254400022,6.614749908000022],[125.22260284400033,6.613860131000024],[125.2220077510002,6.613420010000084],[125.2175369260001,6.611440183000184],[125.19286346500007,6.611579894000101],[125.184700012,6.613599777000161],[125.18128204400023,6.621960162999983]]]]},"properties":{"municipality":"Kiblawan","barangay":"Molopolo"}},{"type":"Feature","geometry":{"type":"MultiPolygon","coordinates":[[[[125.2697067260001,6.63356018200011],[125.26647949200003,6.635069847000068],[125.26167297400002,6.639599800000155],[125.26069641100003,6.640769959000068],[125.26024627700008,6.643119812000066],[125.2607879630001,6.651770115000033],[125.26748657200005,6.650090219000106],[125.27134704500031,6.649950027000045],[125.27488708600004,6.649439811000093],[125.28511047300015,6.647427082000092],[125.2792663580002,6.646820068000181],[125.27787017800017,6.647200108000163],[125.2759017940001,6.645599843000184],[125.27395630000012,6.644199848000085],[125.27229309200004,6.640769959000068],[125.27072143600003,6.639949799000078],[125.2716369630001,6.636400222000077],[125.27105712900016,6.635079861000179],[125.2697067260001,6.63356018200011]]]]},"properties":{"municipality":"Kiblawan","barangay":"New Sibonga"}},{"type":"Feature","geometry":{"type":"MultiPolygon","coordinates":[[[[125.25859069700005,6.602340221000077],[125.2663574210003,6.60292005600013],[125.27076721300011,6.60292005600013],[125.2717132570001,6.599659921000125],[125.27221679600007,6.596549988000163],[125.27095031700003,6.596439840000073],[125.25440216100003,6.596059799000159],[125.25859069700005,6.602340221000077]]]]},"properties":{"municipality":"Kiblawan","barangay":"Panaglib"}},{"type":"Feature","geometry":{"type":"MultiPolygon","coordinates":[[[[125.23625183100012,6.606969833000107],[125.2365264890002,6.607950211000059],[125.23458099400023,6.609230041999979],[125.23013305600011,6.611839771000177],[125.24329376300034,6.611639976999982],[125.24404907300016,6.611340046000123],[125.24466705300028,6.611040116000027],[125.24772644100028,6.609010219000027],[125.24658203200022,6.608650207000096],[125.24643707300004,6.607789994000029],[125.24565124600008,6.607709885000077],[125.24344635000011,6.606560231000174],[125.24152374300013,6.60542011300015],[125.24093628000003,6.606060028000059],[125.23835754400022,6.607840061],[125.23625183100012,6.606969833000107]]]]},"properties":{"municipality":"Kiblawan","barangay":"Pasig"}},{"type":"Feature","geometry":{"type":"MultiPolygon","coordinates":[[[[125.23013305600011,6.611839771000177],[125.22722625800009,6.612259866000045],[125.2220077510002,6.613420010000084],[125.22260284400033,6.613860131000024],[125.22273254400022,6.614749908000022],[125.22487640500003,6.61599016100007],[125.2279968260001,6.619369984000173],[125.22873687800018,6.621290207000186],[125.23081970100009,6.619909764000056],[125.23222351200002,6.620940208000093],[125.24389648400006,6.620079995000026],[125.24220275900018,6.61618995800012],[125.24329376300034,6.611639976999982],[125.23013305600011,6.611839771000177]]]]},"properties":{"municipality":"Kiblawan","barangay":"Poblacion"}},{"type":"Feature","geometry":{"type":"MultiPolygon","coordinates":[[[[125.23191833500005,6.605020047000096],[125.23407745400016,6.605500222000103],[125.23625183100012,6.606969833000107],[125.23835754400022,6.607840061],[125.24093628000003,6.606060028000059],[125.24152374300013,6.60542011300015],[125.24344635000011,6.606560231000174],[125.24565124600008,6.607709885000077],[125.24643707300004,6.607789994000029],[125.24658203200022,6.608650207000096],[125.24772644100028,6.609010219000027],[125.24896240100009,6.608520031000126],[125.24932861300033,6.608170032000032],[125.25057983400006,6.608809949000147],[125.24910736000004,6.606840134000151],[125.24817657400001,6.603290081000125],[125.24353790200007,6.595560074000105],[125.23679351800013,6.59541988400008],[125.23874664300001,6.601749896000172],[125.23639679000019,6.602759838000054],[125.23304748500004,6.604060174000153],[125.23191833500005,6.605020047000096]]]]},"properties":{"municipality":"Kiblawan","barangay":"Pocaleel"}},{"type":"Feature","geometry":{"type":"MultiPolygon","coordinates":[[[[125.24684906000005,6.640810014000067],[125.2480468760001,6.646100044000093],[125.24797821000004,6.648320198000135],[125.248947143,6.653779984000153],[125.25388336200001,6.652760029000035],[125.25749206600017,6.652639866000129],[125.2607879630001,6.651770115000033],[125.26024627700008,6.643119812000066],[125.26069641100003,6.640769959000068],[125.2560119640001,6.643089771000177],[125.25293731700015,6.642449856000042],[125.2507171630001,6.640600204000123],[125.24900055000012,6.640439987000093],[125.24684906000005,6.640810014000067]]]]},"properties":{"municipality":"Kiblawan","barangay":"San Isidro"}},{"type":"Feature","geometry":{"type":"MultiPolygon","coordinates":[[[[125.25641632000031,6.615729809000186],[125.25697326700015,6.613450050000097],[125.25720977800006,6.60936021800012],[125.25457763700001,6.609449864000055],[125.25057983400006,6.608809949000147],[125.24932861300033,6.608170032000032],[125.24896240100009,6.608520031000126],[125.24772644100028,6.609010219000027],[125.24466705300028,6.611040116000027],[125.24404907300016,6.611340046000123],[125.24329376300034,6.611639976999982],[125.24220275900018,6.61618995800012],[125.24817657400001,6.615509986000177],[125.25641632000031,6.615729809000186]]]]},"properties":{"municipality":"Kiblawan","barangay":"San Jose"}},{"type":"Feature","geometry":{"type":"MultiPolygon","coordinates":[[[[125.23506927500023,6.639699937000159],[125.23567199600006,6.639440060000084],[125.23502349800003,6.637979984000083],[125.23323059100017,6.636569978000125],[125.23171997100019,6.636079788000018],[125.23101043700012,6.635839939000164],[125.2300567630001,6.637030124000148],[125.22943878100011,6.636350155000116],[125.22821044900002,6.636010169000031],[125.2270736700001,6.636040211000079],[125.22569274800003,6.63536977900003],[125.22399902400002,6.635980130000121],[125.22181701700003,6.63548994000007],[125.22083282500034,6.636199951000151],[125.22142028800022,6.638279915000112],[125.21896362300004,6.636270046000163],[125.21851348900009,6.633800030000089],[125.21378326500007,6.63448],[125.20731353700012,6.634240151000142],[125.17501831100003,6.634840012000154],[125.18406677300015,6.639669895000168],[125.1893234260001,6.641940117000047],[125.1932220460003,6.643559933000176],[125.19686126700003,6.644869804000109],[125.21441650500003,6.645460129000185],[125.21800994800014,6.64553022500013],[125.21991729800004,6.646269798000105],[125.23061370900018,6.644229888999973],[125.23278045600011,6.643700122000098],[125.23277282700008,6.645309925000163],[125.23291015600012,6.643640042000129],[125.2333679200002,6.640739918000179],[125.23442840500013,6.639170170000114],[125.23506927500023,6.639699937000159]]]]},"properties":{"municipality":"Kiblawan","barangay":"San Pedro"}},{"type":"Feature","geometry":{"type":"MultiPolygon","coordinates":[[[[125.26069641100003,6.640769959000068],[125.2557220450002,6.635529994000024],[125.25325775200008,6.632080078000058],[125.24925994800003,6.632239820000109],[125.24817657400001,6.631879808000178],[125.2476272580002,6.631720066000071],[125.24559021000005,6.630509854000138],[125.24363708400006,6.630149842000037],[125.24337768500004,6.629809856000122],[125.24305725200009,6.630259992000106],[125.24330902100019,6.63812017500004],[125.24474334800016,6.639200211000059],[125.2461395260002,6.640240192000022],[125.24684906000005,6.640810014000067],[125.24900055000012,6.640439987000093],[125.2507171630001,6.640600204000123],[125.25293731700015,6.642449856000042],[125.2560119640001,6.643089771000177],[125.26069641100003,6.640769959000068]]]]},"properties":{"municipality":"Kiblawan","barangay":"Santo Niño"}},{"type":"Feature","geometry":{"type":"MultiPolygon","coordinates":[[[[125.24330902100019,6.63812017500004],[125.24239349300012,6.640510082000162],[125.24150848400018,6.640369893000184],[125.24006652900016,6.64052009500017],[125.23887634300024,6.640460014999974],[125.23834228600003,6.64022016600012],[125.23525238100024,6.639850139000146],[125.23493194600007,6.639770030000022],[125.23506927500023,6.639699937000159],[125.23442840500013,6.639170170000114],[125.2333679200002,6.640739918000179],[125.23291015600012,6.643640042000129],[125.23277282700008,6.645309925000163],[125.23304748500004,6.653419972],[125.23901367200017,6.655889988000126],[125.24127197300004,6.651939868000113],[125.24358367900004,6.648459912000135],[125.24466705300028,6.641429901000151],[125.24330902100019,6.63812017500004]]]]},"properties":{"municipality":"Kiblawan","barangay":"Tacub"}},{"type":"Feature","geometry":{"type":"MultiPolygon","coordinates":[[[[125.21991729800004,6.646269798000105],[125.21994018600014,6.64795017300014],[125.22113800000011,6.65396022800013],[125.2270507820001,6.653329850000034],[125.23091888300019,6.652679920000082],[125.23284912100019,6.652760029000035],[125.23304748500004,6.653419972],[125.23277282700008,6.645309925000163],[125.23278045600011,6.643700122000098],[125.23061370900018,6.644229888999973],[125.21991729800004,6.646269798000105]]]]},"properties":{"municipality":"Kiblawan","barangay":"Tacul"}},{"type":"Feature","geometry":{"type":"MultiPolygon","coordinates":[[[[125.22113800000011,6.65396022800013],[125.22052764900013,6.65566015200011],[125.22148132300003,6.658949852000148],[125.227310181,6.658710003000124],[125.23190307700008,6.657599925999989],[125.23901367200017,6.655889988000126],[125.23304748500004,6.653419972],[125.23284912100019,6.652760029000035],[125.23091888300019,6.652679920000082],[125.2270507820001,6.653329850000034],[125.22113800000011,6.65396022800013]]]]},"properties":{"municipality":"Kiblawan","barangay":"Waterfall"}},{"type":"Feature","geometry":{"type":"MultiPolygon","coordinates":[[[[125.14714813300009,6.76613998400012],[125.16118621800001,6.768010139000012],[125.1751098630001,6.768300056000101],[125.18076324500021,6.767409801000099],[125.17989349400011,6.7631697650001],[125.18092346300011,6.760749817000089],[125.18196105900017,6.758329868000146],[125.1816864010002,6.75706005100011],[125.17987823400006,6.74748277700013],[125.17981719900024,6.747560024000052],[125.1775512700001,6.747710228000017],[125.1755905150003,6.74783992700003],[125.17366790800008,6.748479844000144],[125.17212677100008,6.748209954000174],[125.17060089200004,6.747940064000034],[125.16605377100007,6.745279789000108],[125.15943908600002,6.740139961000125],[125.15202331600017,6.732480049000117],[125.14808654700016,6.737579823000033],[125.14588165300029,6.739830017000031],[125.14405059800004,6.741189957000131],[125.14308166500007,6.743010045000062],[125.14012146100015,6.744359971000051],[125.1390762320001,6.745510102000082],[125.13712310800008,6.747340203000078],[125.13472747800017,6.749579906000179],[125.13346862900016,6.749010087000045],[125.13096618700001,6.749430179000171],[125.12893676700003,6.750100134999968],[125.12798309200002,6.751840114000174],[125.12551879900002,6.753180027000099],[125.12419128400006,6.753489971000135],[125.12223053000014,6.755650043000173],[125.12106323300009,6.756179810000049],[125.12077331500006,6.756309986000133],[125.11937713600014,6.76473999100017],[125.12006378100023,6.764750004],[125.13652038500004,6.765130044000045],[125.14714813300009,6.76613998400012]]]]},"properties":{"municipality":"Magsaysay","barangay":"Bacungan"}},{"type":"Feature","geometry":{"type":"MultiPolygon","coordinates":[[[[125.18076324500021,6.767409801000099],[125.1751098630001,6.768300056000101],[125.16118621800001,6.768010139000012],[125.14714813300009,6.76613998400012],[125.14518737800017,6.769899845000054],[125.14620208800011,6.771770001000107],[125.14732360800019,6.77286004900003],[125.15744018500004,6.773700238000174],[125.16108703600014,6.778319835000048],[125.16510772700019,6.776649952000184],[125.16747284000019,6.776279927000189],[125.1705322260002,6.775529862000042],[125.18058013900031,6.77632999400015],[125.1807098380001,6.773719787000118],[125.18173980600011,6.770609856000078],[125.1820983880001,6.767399788000091],[125.18076324500021,6.767409801000099]]]]},"properties":{"municipality":"Magsaysay","barangay":"Balnate"}},{"type":"Feature","geometry":{"type":"MultiPolygon","coordinates":[[[[125.19175720300018,6.802209854000068],[125.19233703500004,6.799640179000164],[125.17394256600028,6.796800136000115],[125.17360687300015,6.798250199000108],[125.17283630400004,6.805290222000053],[125.17214965900018,6.806519986000183],[125.17478180000012,6.809160233000057],[125.1768264760002,6.80963993000006],[125.18679046500006,6.81215000300017],[125.18863677900003,6.807300091000172],[125.19175720300018,6.802209854000068]]]]},"properties":{"municipality":"Magsaysay","barangay":"Barayong"}},{"type":"Feature","geometry":{"type":"MultiPolygon","coordinates":[[[[125.15202331600017,6.732480049000117],[125.15943908600002,6.740139961000125],[125.16605377100007,6.745279789000108],[125.17060089200004,6.747940064000034],[125.17212677100008,6.748209954000174],[125.17366790800008,6.748479844000144],[125.1755905150003,6.74783992700003],[125.1775512700001,6.747710228000017],[125.17981719900024,6.747560024000052],[125.17987823400006,6.74748277700013],[125.17986297600021,6.747409821000133],[125.18080139200003,6.745530129000031],[125.18292999200014,6.744550228000037],[125.18290710400004,6.741429806000156],[125.18163299600008,6.741519928000173],[125.18048858700001,6.740449906000094],[125.18015289400023,6.73910999300017],[125.1749267570001,6.731699943000081],[125.15202331600017,6.732480049000117]]]]},"properties":{"municipality":"Magsaysay","barangay":"Blocon"}},{"type":"Feature","geometry":{"type":"MultiPolygon","coordinates":[[[[125.19716644400035,6.756939888000034],[125.19599151600016,6.754320145000122],[125.19872283900008,6.751110077000078],[125.19909667900026,6.748859882000147],[125.19951629700017,6.744410038000183],[125.19995880200008,6.74210977600012],[125.20130157500012,6.73842000999997],[125.2027130140001,6.73696994800008],[125.2041473390002,6.736090184000147],[125.20551300000011,6.733739853000088],[125.20484924400012,6.733300210000039],[125.19737243600002,6.733679771000084],[125.194107056,6.733570097999973],[125.19259643500015,6.732409954000104],[125.19245910600023,6.732840061000047],[125.1912002570001,6.734109878000083],[125.19093322700019,6.736340046],[125.19119262700019,6.739069938000114],[125.18969726600017,6.742479801000059],[125.18888092100008,6.746250152000187],[125.19010162300015,6.751029969000172],[125.19242858900009,6.754950046999966],[125.19371795700022,6.760369779000087],[125.1912689200002,6.765769959000124],[125.19442749100017,6.769820214000163],[125.19596099800026,6.764500142000145],[125.19657897900015,6.762440206000065],[125.19658660900006,6.759789944000147],[125.19716644400035,6.757820129000152],[125.19716644400035,6.756939888000034]]]]},"properties":{"municipality":"Magsaysay","barangay":"Dalawinon"}},{"type":"Feature","geometry":{"type":"MultiPolygon","coordinates":[[[[125.17987823400006,6.74748277700013],[125.1816864010002,6.75706005100011],[125.18196105900017,6.758329868000146],[125.18092346300011,6.760749817000089],[125.17989349400011,6.7631697650001],[125.18076324500021,6.767409801000099],[125.1820983880001,6.767399788000091],[125.18466949400022,6.767370224000103],[125.19442749100017,6.769820214000163],[125.1912689200002,6.765769959000124],[125.19371795700022,6.760369779000087],[125.19242858900009,6.754950046999966],[125.19010162300015,6.751029969000172],[125.18888092100008,6.746250152000187],[125.18969726600017,6.742479801000059],[125.19119262700019,6.739069938000114],[125.19093322700019,6.736340046],[125.19045257700009,6.737100124000051],[125.18933868500005,6.737619878000032],[125.18694305500014,6.738979817000029],[125.18537139900013,6.739880086000028],[125.18290710400004,6.741429806000156],[125.18292999200014,6.744550228000037],[125.18080139200003,6.745530129000031],[125.17986297600021,6.747409821000133],[125.17987823400006,6.74748277700013]]]]},"properties":{"municipality":"Magsaysay","barangay":"Dalumay"}},{"type":"Feature","geometry":{"type":"MultiPolygon","coordinates":[[[[125.19374847400002,6.780610085000035],[125.19465637200017,6.776840211000035],[125.19490051300022,6.77531003900009],[125.19442749100017,6.769820214000163],[125.18466949400022,6.767370224000103],[125.1820983880001,6.767399788000091],[125.18173980600011,6.770609856000078],[125.1807098380001,6.773719787000118],[125.18058013900031,6.77632999400015],[125.19374847400002,6.780610085000035]]]]},"properties":{"municipality":"Magsaysay","barangay":"Glamang"}},{"type":"Feature","geometry":{"type":"MultiPolygon","coordinates":[[[[125.18216705400005,6.865069867000045],[125.18332672100018,6.862160206000112],[125.18502044700017,6.85761022600002],[125.1850280750001,6.85630989200007],[125.18129730300018,6.853119850000098],[125.17680359000008,6.847449779000044],[125.17694091900012,6.845220090000169],[125.17769622900005,6.843830110000113],[125.17725372300004,6.840849877000153],[125.17646789600019,6.839069844000051],[125.17648315500026,6.836699963000171],[125.17540740900006,6.835000038000146],[125.17460632400014,6.833749772000033],[125.17838287400014,6.826270104000059],[125.16768646300022,6.821249962000024],[125.16213226200011,6.820109844000172],[125.15928649900013,6.819590092000169],[125.15815734900013,6.82114982700017],[125.16712188600013,6.846630096000126],[125.17369842500011,6.856500149000112],[125.17842102100019,6.862060069000051],[125.18216705400005,6.865069867000045]]]]},"properties":{"municipality":"Magsaysay","barangay":"Kanapulo"}},{"type":"Feature","geometry":{"type":"MultiPolygon","coordinates":[[[[125.1749267570001,6.731699943000081],[125.18015289400023,6.73910999300017],[125.18048858700001,6.740449906000094],[125.18163299600008,6.741519928000173],[125.18290710400004,6.741429806000156],[125.18537139900013,6.739880086000028],[125.18694305500014,6.738979817000029],[125.18933868500005,6.737619878000032],[125.19045257700009,6.737100124000051],[125.19093322700019,6.736340046],[125.1912002570001,6.734109878000083],[125.19245910600023,6.732840061000047],[125.19259643500015,6.732409954000104],[125.19174194300001,6.731359958999974],[125.18929290800008,6.731450081000162],[125.17965698300031,6.731249809000133],[125.1749267570001,6.731699943000081]]]]},"properties":{"municipality":"Magsaysay","barangay":"Kasuga"}},{"type":"Feature","geometry":{"type":"MultiPolygon","coordinates":[[[[125.17459869400022,6.794849872000043],[125.17475891100003,6.792819977000022],[125.17507171600005,6.791069985000036],[125.16937255900007,6.79240989800013],[125.16455841100003,6.792069912000045],[125.15895080600012,6.791679859000055],[125.15260314900013,6.791049957000155],[125.13860321000004,6.789869786000111],[125.1343002330002,6.789810181000064],[125.12999725400005,6.789750100000163],[125.11440277100007,6.783740044000069],[125.11396026500006,6.78357982700004],[125.11398315400004,6.784220219000133],[125.11422729500009,6.78950977400018],[125.11414337100007,6.791269779000061],[125.11406707800006,6.792630196000061],[125.12225341800013,6.794459819],[125.13622283800021,6.79511022700018],[125.1444473260002,6.795450210000183],[125.15296936000027,6.795259954000073],[125.16481781100015,6.795660020000128],[125.17044067400025,6.796199798000032],[125.17459869400022,6.794849872000043]]]]},"properties":{"municipality":"Magsaysay","barangay":"Lower Bala"}},{"type":"Feature","geometry":{"type":"MultiPolygon","coordinates":[[[[125.17838287400014,6.826270104000059],[125.18679046500006,6.81215000300017],[125.1768264760002,6.80963993000006],[125.17478180000012,6.809160233000057],[125.17214965900018,6.806519986000183],[125.17124939000007,6.807720185000107],[125.16993713300008,6.809720039000183],[125.16858673000002,6.815159799000128],[125.16860961900022,6.817430020000131],[125.16989135800009,6.819729805000065],[125.1686630260001,6.820620060000124],[125.16768646300022,6.821249962000024],[125.17838287400014,6.826270104000059]]]]},"properties":{"municipality":"Magsaysay","barangay":"Mabini"}},{"type":"Feature","geometry":{"type":"MultiPolygon","coordinates":[[[[125.13569641100014,6.823339940000096],[125.13049316500019,6.812590123000177],[125.1331710820001,6.804830075000098],[125.13581085200008,6.802939891000165],[125.1334228520002,6.802609921000055],[125.12631988400005,6.801099777000161],[125.12040710500003,6.801000118000161],[125.10990142800006,6.798989773000187],[125.10697174000006,6.80253982500011],[125.10315704400011,6.807700157000056],[125.10157012900004,6.812739850000014],[125.10056305000023,6.818699837000111],[125.10215759200003,6.82083988200003],[125.10787201000016,6.820059776000107],[125.1202697760001,6.82469987800016],[125.12312316900022,6.830440045000046],[125.1246566760002,6.833529950000184],[125.12917327800028,6.83255004900019],[125.1321868890002,6.827859879000073],[125.13569641100014,6.823339940000096]]]]},"properties":{"municipality":"Magsaysay","barangay":"Maibo"}},{"type":"Feature","geometry":{"type":"MultiPolygon","coordinates":[[[[125.15202331600017,6.732480049000117],[125.1749267570001,6.731699943000081],[125.17965698300031,6.731249809000133],[125.18929290800008,6.731450081000162],[125.19174194300001,6.731359958999974],[125.19259643500015,6.732409954000104],[125.19304657100008,6.730800151000039],[125.19425201500019,6.729549885000154],[125.19577789400023,6.72936010300009],[125.19640350300006,6.728479861999972],[125.1970062260001,6.727849960000128],[125.19902801600006,6.725289822000036],[125.2014236460002,6.71857023300015],[125.1749267570001,6.718540191000102],[125.1377868640003,6.719379903000174],[125.13226318300008,6.719629765000036],[125.13215637300016,6.721759797000061],[125.13205719000018,6.723440171],[125.13250732400013,6.723830224000039],[125.13950347900015,6.723740100000043],[125.14132690500003,6.724289893000162],[125.14315795800007,6.724830151000106],[125.14732360800019,6.728030206000085],[125.1517715450002,6.731450081000162],[125.15202331600017,6.732480049000117]]]]},"properties":{"municipality":"Magsaysay","barangay":"Malawanit"}},{"type":"Feature","geometry":{"type":"MultiPolygon","coordinates":[[[[125.17214965900018,6.806519986000183],[125.17283630400004,6.805290222000053],[125.17198944200015,6.804019929],[125.16919708300009,6.803410053000164],[125.16676330700022,6.80319976800007],[125.16281890900018,6.80300998700011],[125.15915680000012,6.802820206000149],[125.1506423940001,6.802969933000156],[125.1417770380001,6.80271005600008],[125.13581085200008,6.802939891000165],[125.1331710820001,6.804830075000098],[125.13049316500019,6.812590123000177],[125.13569641100014,6.823339940000096],[125.14396667400001,6.821430207000105],[125.15815734900013,6.82114982700017],[125.15928649900013,6.819590092000169],[125.16213226200011,6.820109844000172],[125.16768646300022,6.821249962000024],[125.1686630260001,6.820620060000124],[125.16989135800009,6.819729805000065],[125.16860961900022,6.817430020000131],[125.16858673000002,6.815159799000128],[125.16993713300008,6.809720039000183],[125.17124939000007,6.807720185000107],[125.17214965900018,6.806519986000183]]]]},"properties":{"municipality":"Magsaysay","barangay":"Malongon"}},{"type":"Feature","geometry":{"type":"MultiPolygon","coordinates":[[[[125.20551300000011,6.733739853000088],[125.20712280300017,6.732580184000142],[125.20781707800018,6.731239796000068],[125.21161651600028,6.729410171000154],[125.21315765300017,6.728089809000153],[125.2149734510001,6.727330208000069],[125.21035766700015,6.719329834000177],[125.2014236460002,6.71857023300015],[125.19902801600006,6.725289822000036],[125.1970062260001,6.727849960000128],[125.19640350300006,6.728479861999972],[125.19577789400023,6.72936010300009],[125.19425201500019,6.729549885000154],[125.19304657100008,6.730800151000039],[125.19259643500015,6.732409954000104],[125.194107056,6.733570097999973],[125.19737243600002,6.733679771000084],[125.20484924400012,6.733300210000039],[125.20551300000011,6.733739853000088]]]]},"properties":{"municipality":"Magsaysay","barangay":"New Ilocos"}},{"type":"Feature","geometry":{"type":"MultiPolygon","coordinates":[[[[125.1649093630001,6.881509781000148],[125.17767334000007,6.87341022600009],[125.18054962300027,6.869359971000108],[125.18216705400005,6.865069867000045],[125.17842102100019,6.862060069000051],[125.17369842500011,6.856500149000112],[125.16712188600013,6.846630096000126],[125.15815734900013,6.82114982700017],[125.14396667400001,6.821430207000105],[125.15634155300017,6.834879875000013],[125.16011047300003,6.839389802000085],[125.1613616940001,6.845389843000135],[125.16078948900008,6.846620083000118],[125.1608734130001,6.849949837000111],[125.16055297800017,6.853209972000116],[125.15863037100019,6.85564994900011],[125.15770721500019,6.858630181000137],[125.15828704700016,6.860420227000077],[125.1586074820001,6.864669799000183],[125.16014099100005,6.86827993300011],[125.16255188000002,6.871819974000175],[125.16432190000012,6.875830174000157],[125.1649093630001,6.881509781000148]]]]},"properties":{"municipality":"Magsaysay","barangay":"New Opon"}},{"type":"Feature","geometry":{"type":"MultiPolygon","coordinates":[[[[125.19233703500004,6.799640179000164],[125.19191742000021,6.794060230000071],[125.19197845400004,6.788489819000063],[125.19258880700022,6.786660196000128],[125.19377136200012,6.783450128000084],[125.19374847400002,6.780610085000035],[125.18058013900031,6.77632999400015],[125.17971801700003,6.778059960000121],[125.18002319300024,6.782289981000076],[125.17749023400017,6.78523015899998],[125.17725372300004,6.786680221999973],[125.17633056700004,6.788420201000179],[125.17507171600005,6.791069985000036],[125.17475891100003,6.792819977000022],[125.17459869400022,6.794849872000043],[125.17394256600028,6.796800136000115],[125.19233703500004,6.799640179000164]]]]},"properties":{"municipality":"Magsaysay","barangay":"Poblacion"}},{"type":"Feature","geometry":{"type":"MultiPolygon","coordinates":[[[[125.17633056700004,6.788420201000179],[125.17725372300004,6.786680221999973],[125.17749023400017,6.78523015899998],[125.17378997800006,6.784480096000038],[125.17054748400005,6.783800124999971],[125.16841125400003,6.783349991000023],[125.16198730500025,6.783420086000092],[125.15895843600003,6.783500195000045],[125.1574783320001,6.783309936000023],[125.15635681200024,6.78317022300007],[125.15049743700013,6.782839775000127],[125.146537781,6.782710076000114],[125.14277649000019,6.78257990000003],[125.137260437,6.78260993900011],[125.1334762570001,6.781620025000109],[125.11686706600005,6.775509834000161],[125.1164932260001,6.77537012200014],[125.114952087,6.780920029000072],[125.11521911600016,6.781020164000097],[125.12869262800018,6.786260127000162],[125.13337707500023,6.786580087000118],[125.14218139700006,6.786690235000037],[125.15204620400027,6.787680149000039],[125.16108703600014,6.788489819000063],[125.16654968200021,6.78880977700004],[125.17414093000002,6.788839818000156],[125.17534637400013,6.788760185000058],[125.17633056700004,6.788420201000179]]]]},"properties":{"municipality":"Magsaysay","barangay":"San Isidro"}},{"type":"Feature","geometry":{"type":"MultiPolygon","coordinates":[[[[125.18058013900031,6.77632999400015],[125.1705322260002,6.775529862000042],[125.16747284000019,6.776279927000189],[125.16510772700019,6.776649952000184],[125.16108703600014,6.778319835000048],[125.15744018500004,6.773700238000174],[125.14732360800019,6.77286004900003],[125.14620208800011,6.771770001000107],[125.14518737800017,6.769899845000054],[125.14058685300006,6.776619911000068],[125.13899231000005,6.779479982000055],[125.137260437,6.78260993900011],[125.14277649000019,6.78257990000003],[125.146537781,6.782710076000114],[125.15049743700013,6.782839775000127],[125.15635681200024,6.78317022300007],[125.1574783320001,6.783309936000023],[125.15895843600003,6.783500195000045],[125.16198730500025,6.783420086000092],[125.16841125400003,6.783349991000023],[125.17054748400005,6.783800124999971],[125.17378997800006,6.784480096000038],[125.17749023400017,6.78523015899998],[125.18002319300024,6.782289981000076],[125.17971801700003,6.778059960000121],[125.18058013900031,6.77632999400015]]]]},"properties":{"municipality":"Magsaysay","barangay":"San Miguel"}},{"type":"Feature","geometry":{"type":"MultiPolygon","coordinates":[[[[125.11396026500006,6.78357982700004],[125.11440277100007,6.783740044000069],[125.12999725400005,6.789750100000163],[125.1343002330002,6.789810181000064],[125.13860321000004,6.789869786000111],[125.15260314900013,6.791049957000155],[125.15895080600012,6.791679859000055],[125.16455841100003,6.792069912000045],[125.16937255900007,6.79240989800013],[125.17507171600005,6.791069985000036],[125.17633056700004,6.788420201000179],[125.17534637400013,6.788760185000058],[125.17414093000002,6.788839818000156],[125.16654968200021,6.78880977700004],[125.16108703600014,6.788489819000063],[125.15204620400027,6.787680149000039],[125.14218139700006,6.786690235000037],[125.13337707500023,6.786580087000118],[125.12869262800018,6.786260127000162],[125.11521911600016,6.781020164000097],[125.114952087,6.780920029000072],[125.11444854800004,6.782269955000061],[125.11396026500006,6.78357982700004]]]]},"properties":{"municipality":"Magsaysay","barangay":"Tacul"}},{"type":"Feature","geometry":{"type":"MultiPolygon","coordinates":[[[[125.14714813300009,6.76613998400012],[125.13652038500004,6.765130044000045],[125.12006378100023,6.764750004],[125.11937713600014,6.76473999100017],[125.11799621600005,6.769820214000163],[125.11795043900008,6.769979954],[125.1164932260001,6.77537012200014],[125.11686706600005,6.775509834000161],[125.1334762570001,6.781620025000109],[125.137260437,6.78260993900011],[125.13899231000005,6.779479982000055],[125.14058685300006,6.776619911000068],[125.14518737800017,6.769899845000054],[125.14714813300009,6.76613998400012]]]]},"properties":{"municipality":"Magsaysay","barangay":"Tagaytay"}},{"type":"Feature","geometry":{"type":"MultiPolygon","coordinates":[[[[125.17283630400004,6.805290222000053],[125.17360687300015,6.798250199000108],[125.17394256600028,6.796800136000115],[125.17459869400022,6.794849872000043],[125.17044067400025,6.796199798000032],[125.16481781100015,6.795660020000128],[125.15296936000027,6.795259954000073],[125.1444473260002,6.795450210000183],[125.13622283800021,6.79511022700018],[125.12225341800013,6.794459819],[125.11406707800006,6.792630196000061],[125.11184692400002,6.794189931000062],[125.11087799100005,6.796589851000022],[125.10990142800006,6.798989773000187],[125.12040710500003,6.801000118000161],[125.12631988400005,6.801099777000161],[125.1334228520002,6.802609921000055],[125.13581085200008,6.802939891000165],[125.1417770380001,6.80271005600008],[125.1506423940001,6.802969933000156],[125.15915680000012,6.802820206000149],[125.16281890900018,6.80300998700011],[125.16676330700022,6.80319976800007],[125.16919708300009,6.803410053000164],[125.17198944200015,6.804019929],[125.17283630400004,6.805290222000053]]]]},"properties":{"municipality":"Magsaysay","barangay":"Upper Bala"}},{"type":"Feature","geometry":{"type":"MultiPolygon","coordinates":[[[[125.40276336600004,6.601759911000158],[125.40146637000021,6.600560188000145],[125.39520263600014,6.594739915000048],[125.39309692300003,6.591780186],[125.39250183200011,6.591519832000131],[125.39215087800005,6.591370107000103],[125.39026641800024,6.592710018000048],[125.38973236000015,6.593100071000038],[125.38578033500005,6.595389842999964],[125.38289642200027,6.598609924000073],[125.38361358600014,6.598609924000073],[125.3838882440001,6.59888982700005],[125.38416290400005,6.59888982700005],[125.38527679400022,6.599999904000128],[125.38500213600003,6.600279807000106],[125.38500213600003,6.600560188000145],[125.38445282000009,6.601109981000036],[125.38416290400005,6.601109981000036],[125.3838882440001,6.601389884000184],[125.38361358600014,6.601389884000184],[125.38346862900028,6.601530076000074],[125.3833313,6.601669788000095],[125.38305664000006,6.601669788000095],[125.38166809000006,6.603059770000186],[125.38166809000006,6.603330135000078],[125.3813934320001,6.603610038000056],[125.3813934320001,6.604440212000156],[125.3805465700002,6.605279922000022],[125.3813934320001,6.606110096000123],[125.38166809000006,6.606110096000123],[125.38249969600031,6.605279922000022],[125.38249969600031,6.605000019000045],[125.38416290400005,6.603330135000078],[125.38445282000009,6.603330135000078],[125.38500213600003,6.602779865000173],[125.38527679400022,6.602779865000173],[125.3855590820001,6.603059770000186],[125.3858337400003,6.603059770000186],[125.38610839800015,6.603330135000078],[125.38610839800015,6.603610038000056],[125.38639068600003,6.603889942000137],[125.38639068600003,6.604440212000156],[125.38610839800015,6.604720115000134],[125.38610839800015,6.605000019000045],[125.3858337400003,6.605279922000022],[125.3858337400003,6.605830192000042],[125.3855590820001,6.606110096000123],[125.3855590820001,6.60722017300003],[125.38500213600003,6.607779981000022],[125.38500213600003,6.608329772000104],[125.38527679400022,6.608610153000143],[125.38527679400022,6.608890056000121],[125.38471984800015,6.609439849000012],[125.38471984800015,6.610280037999985],[125.38445282000009,6.610280037999985],[125.38249969600031,6.612219810999989],[125.38249969600031,6.613329888000123],[125.38221740800009,6.613609791999977],[125.38221740800009,6.614170075000061],[125.38194275000023,6.614439965000031],[125.38194275000023,6.614719869000112],[125.38166809000006,6.61499977200009],[125.38166809000006,6.615560056000049],[125.38221740800009,6.616109849000168],[125.38258361800001,6.616109849000168],[125.38276672400002,6.616109849000168],[125.3838882440001,6.61499977200009],[125.3838882440001,6.614719869000112],[125.38416290400005,6.614439965000031],[125.38416290400005,6.614170075000061],[125.38527679400022,6.613059998000153],[125.38527679400022,6.612780095000176],[125.3858337400003,6.612219810999989],[125.3858337400003,6.611939906000032],[125.38639068600003,6.611390113000084],[125.38639068600003,6.611110210000106],[125.38834381000015,6.609169961000077],[125.38834381000015,6.608329772000104],[125.38889312800018,6.607779981000022],[125.38889312800018,6.606669904000114],[125.38812255900007,6.605899811000029],[125.38749694800003,6.605279922000022],[125.38749694800003,6.605000019000045],[125.38777923600003,6.604720115000134],[125.38777923600003,6.603889942000137],[125.38810729900001,6.603559971000095],[125.38834381000015,6.603330135000078],[125.38861084000007,6.603330135000078],[125.38889312800018,6.603059770000186],[125.38916778600014,6.603059770000186],[125.38944244400011,6.602779865000173],[125.38971710200008,6.602779865000173],[125.38971710200008,6.602550031000021],[125.38971710200008,6.601940154999966],[125.38999939000018,6.601669788000095],[125.38999939000018,6.601389884000184],[125.38971710200008,6.601389884000184],[125.38944244400011,6.601109981000036],[125.38889312800018,6.601109981000036],[125.38861084000007,6.601389884000184],[125.38777923600003,6.601389884000184],[125.38749694800003,6.601669788000095],[125.3869476320001,6.601669788000095],[125.38639068600003,6.601109981000036],[125.38722229000007,6.600279807000106],[125.38722229000007,6.599999904000128],[125.38749694800003,6.599720001000151],[125.38777923600003,6.599720001000151],[125.38804626400008,6.599999904000128],[125.38889312800018,6.599999904000128],[125.38944244400011,6.599440098000173],[125.38971710200008,6.599440098000173],[125.38999939000018,6.599720001000151],[125.39167022800007,6.599720001000151],[125.39193725600012,6.599999904000128],[125.39250183200011,6.599999904000128],[125.39277649000007,6.599720001000151],[125.3930587760002,6.599999904000128],[125.39333343600003,6.599999904000128],[125.39415741000016,6.600830078000058],[125.39389038000024,6.601109981000036],[125.39389038000024,6.601389884000184],[125.39360809400011,6.601669788000095],[125.39360809400011,6.602220058000171],[125.39333343600003,6.602499961000149],[125.39354705900018,6.602719784000101],[125.39360809400011,6.602779865000173],[125.39611053400006,6.602779865000173],[125.39679718100001,6.602779865000173],[125.39762115500014,6.603260040000066],[125.39911651700004,6.603600025],[125.40009307800005,6.603879927999969],[125.40057373000025,6.603809833000128],[125.40239715600012,6.603549958000031],[125.40276336600004,6.603159905000041],[125.40274047900004,6.602499961000149],[125.40274047900004,6.601840020000168],[125.40276336600004,6.601759911000158]]]]},"properties":{"municipality":"Malalag","barangay":"Bagumbayan"}},{"type":"Feature","geometry":{"type":"MultiPolygon","coordinates":[[[[125.39215087800005,6.591370107000103],[125.39250183200011,6.591519832000131],[125.39309692300003,6.591780186],[125.39520263600014,6.594739915000048],[125.40146637000021,6.600560188000145],[125.40276336600004,6.601759911000158],[125.40308380100021,6.601180077000151],[125.40445709200003,6.60037994400011],[125.40487670900006,6.599989891000121],[125.40519714400034,6.600230217000103],[125.40553283800023,6.60002994600012],[125.4059371940001,6.599890232000121],[125.40641021700026,6.599750042000039],[125.40666961600016,6.599730014000158],[125.40689849900002,6.599709988000143],[125.40734100300017,6.599649905000035],[125.40767669600018,6.599500180000177],[125.40805053800023,6.599450111000181],[125.40846252500012,6.599440098000173],[125.40889740000011,6.599390030000109],[125.40944671600005,6.599170208000032],[125.41000366200012,6.599170208000032],[125.41027832000009,6.59888982700005],[125.41110992400002,6.59888982700005],[125.41139221200012,6.598609924000073],[125.41166687000009,6.598609924000073],[125.41181182900004,6.598470212000052],[125.41229248000002,6.597980022000172],[125.41278076200001,6.597499847000108],[125.41278076200001,6.597209931000123],[125.41278076200001,6.594439984000189],[125.41306304800014,6.594170093000116],[125.41306304800014,6.593890190000138],[125.4144210820001,6.592500210000082],[125.41452026400009,6.592050076000135],[125.41438293500005,6.591400146000183],[125.41445159800014,6.590730190000158],[125.41512298500015,6.590290069000105],[125.41522216700002,6.590179921000015],[125.41544342000009,6.590079784000181],[125.40944671600005,6.589680195000085],[125.4071731570001,6.592279912000151],[125.40585327100018,6.594399929000133],[125.40396881200013,6.595049857000106],[125.39954376200012,6.593249798000102],[125.39523315500003,6.59085989100015],[125.39394378700013,6.59011983900001],[125.39215087800005,6.591370107000103]]]]},"properties":{"municipality":"Malalag","barangay":"Baybay"}},{"type":"Feature","geometry":{"type":"MultiPolygon","coordinates":[[[[125.38768768400007,6.562409878000153],[125.38580322300004,6.559340001000066],[125.38353729200003,6.556330205000052],[125.3811874390002,6.547800065000047],[125.37914276100014,6.544459819000053],[125.37757110500013,6.539279939000096],[125.37344360400027,6.544710160000079],[125.37261962800017,6.546679973000096],[125.36683654700028,6.547210217999975],[125.36408996600017,6.554279804000146],[125.36847686700014,6.560850144000028],[125.3709030150003,6.56368017200009],[125.37207031200012,6.562389852000081],[125.37413024900002,6.561160087000189],[125.37834930400027,6.561570168000117],[125.38768768400007,6.562409878000153]]]]},"properties":{"municipality":"Malalag","barangay":"Bolton"}},{"type":"Feature","geometry":{"type":"MultiPolygon","coordinates":[[[[125.42385101400009,6.585360051],[125.4240264890002,6.585060119000104],[125.42429351700002,6.584730149000109],[125.42455291700003,6.584459781000135],[125.42479705800008,6.584249974000102],[125.42508697400024,6.584129810000093],[125.42536163400007,6.583970070000021],[125.42566680900018,6.583879949000107],[125.42595672500022,6.583759785000154],[125.42626953200022,6.583620072000031],[125.42661285300028,6.583499908000022],[125.42690277200006,6.583290101000159],[125.42716979900001,6.583030224000083],[125.42740631000015,6.582759856000109],[125.42767334000018,6.582499981000183],[125.42794799800004,6.582260133000034],[125.42832946800013,6.582089902000064],[125.42875671400009,6.581970214000137],[125.42925262400013,6.581940175000057],[125.4297332770002,6.581880093000052],[125.43010711700003,6.581649781000181],[125.43044281000005,6.58137989100004],[125.43041992200006,6.581099988000062],[125.43049621500006,6.580699920000029],[125.43058776900023,6.58018016799997],[125.43110656600004,6.580130101000179],[125.43128204400034,6.580060005000064],[125.42820739800015,6.575540066000087],[125.42194366400008,6.569530011000154],[125.41667175200007,6.562439919000042],[125.41541290300017,6.558320046000119],[125.4157791130001,6.555520057000024],[125.41433715800008,6.546790123000164],[125.41327667300015,6.549160004000044],[125.40141296500019,6.54705],[125.39842224200004,6.548429965000082],[125.39537048400018,6.549870015000067],[125.39386749400012,6.550449847000095],[125.39079284700006,6.55306005500006],[125.38768768400007,6.562409878000153],[125.39761352500022,6.568910122000091],[125.4070129400003,6.574240207000116],[125.41513824500032,6.57898998200011],[125.417686462,6.580910207000102],[125.42102050800008,6.583330155000112],[125.42385101400009,6.585360051]]]]},"properties":{"municipality":"Malalag","barangay":"Bulacan"}},{"type":"Feature","geometry":{"type":"MultiPolygon","coordinates":[[[[125.41433715800008,6.546790123000164],[125.4157791130001,6.555520057000024],[125.41541290300017,6.558320046000119],[125.41667175200007,6.562439919000042],[125.42194366400008,6.569530011000154],[125.42820739800015,6.575540066000087],[125.43128204400034,6.580060005000064],[125.43137359600007,6.580019951000168],[125.43151855500014,6.579860210000163],[125.43211364800004,6.579720021000185],[125.43253326300021,6.579999924000163],[125.4326400760001,6.58027982700014],[125.43312835600034,6.580329895000034],[125.43359375000011,6.580490112000064],[125.43367004400022,6.580510141000047],[125.43430328400007,6.580520154000055],[125.43463897700019,6.580420017000051],[125.43493652300015,6.580329895000034],[125.43554687400012,6.580070020000107],[125.43612670900018,6.579800129999967],[125.43672943200022,6.5795898450001],[125.4373397830002,6.579520226999989],[125.43786621100003,6.579460144000109],[125.43959045400015,6.578619957000114],[125.44055938700012,6.578340054000137],[125.44209289600008,6.578199863000179],[125.44212341300022,6.578360080000039],[125.44328308200011,6.578129769000043],[125.4446868900003,6.579229831000134],[125.44674682700008,6.578909874000033],[125.45095825200019,6.565879823000103],[125.44153595000023,6.561258316000078],[125.43300628800023,6.556809903000158],[125.42256927400013,6.551970005999976],[125.41433715800008,6.546790123000164]]]]},"properties":{"municipality":"Malalag","barangay":"Caputian"}},{"type":"Feature","geometry":{"type":"MultiPolygon","coordinates":[[[[125.3811874390002,6.547800065000047],[125.38353729200003,6.556330205000052],[125.38580322300004,6.559340001000066],[125.38768768400007,6.562409878000153],[125.39079284700006,6.55306005500006],[125.39386749400012,6.550449847000095],[125.38937377800028,6.547850133000111],[125.3850173940001,6.547679902000141],[125.3811874390002,6.547800065000047]]]]},"properties":{"municipality":"Malalag","barangay":"Ibo"}},{"type":"Feature","geometry":{"type":"MultiPolygon","coordinates":[[[[125.37207031200012,6.562389852000081],[125.3709030150003,6.56368017200009],[125.36847686700014,6.560850144000028],[125.36408996600017,6.554279804000146],[125.36161041200012,6.557189941000161],[125.34973907600022,6.565030098000022],[125.33862304700006,6.568089962000101],[125.2919387820001,6.561250211000186],[125.29067230300006,6.563539983000112],[125.2866134650003,6.573120116999974],[125.28883361700014,6.595839977000082],[125.29860687200028,6.596079826000164],[125.30613708500027,6.596290113000066],[125.31173706000004,6.595749855000122],[125.33925628700001,6.596270084000082],[125.34593963600014,6.596260071000017],[125.35175323500016,6.595220090000055],[125.35666656500007,6.59638977000003],[125.36138153100012,6.597509862000152],[125.36165618900009,6.597499847000108],[125.36250305200008,6.596670151000069],[125.36250305200008,6.59638977000003],[125.36332702500033,6.595560074000105],[125.36416626000005,6.595560074000105],[125.36444091700014,6.595829964000075],[125.36494445800031,6.595270635000077],[125.36496734700017,6.595170020000182],[125.36821746900011,6.589849949000097],[125.36905670100009,6.573870182000121],[125.36913299500009,6.572690010000031],[125.37207031200012,6.562389852000081]]]]},"properties":{"municipality":"Malalag","barangay":"Kiblagon"}},{"type":"Feature","geometry":{"type":"MultiPolygon","coordinates":[[[[125.2183837880001,6.594669819000103],[125.23679351800013,6.59541988400008],[125.24353790200007,6.595560074000105],[125.25440216100003,6.596059799000159],[125.27095031700003,6.596439840000073],[125.27221679600007,6.596549988000163],[125.27496337900004,6.595749855000122],[125.28182983400018,6.596069813000099],[125.28388214000017,6.595990181000104],[125.28883361700014,6.595839977000082],[125.2866134650003,6.573120116999974],[125.29067230300006,6.563539983000112],[125.2919387820001,6.561250211000186],[125.2886962880001,6.543360233000044],[125.28015136800002,6.542630196000118],[125.27736663700011,6.542059899000094],[125.27144622700018,6.537020208000115],[125.26833343400028,6.53498983500009],[125.26201629600007,6.533460141000148],[125.25096130500003,6.536220073000095],[125.24620819200004,6.539659977000099],[125.23857879700017,6.545539857000051],[125.23065948600015,6.547490121000124],[125.22212219300013,6.545189858000185],[125.2086181630001,6.54344987900015],[125.19676971500007,6.536139964000085],[125.19686889700017,6.538770200000101],[125.19692993100023,6.540919781000071],[125.19653320400005,6.546350003000157],[125.19644928000002,6.547780037000166],[125.19637298700002,6.549210072000108],[125.19595337000021,6.550950051000086],[125.19526672300015,6.553800106999972],[125.19483947700007,6.559080124000161],[125.19441223200022,6.560210227000141],[125.19403076200024,6.561230182000031],[125.19349670400015,6.576630116000047],[125.19291687000009,6.593329907000054],[125.2183837880001,6.594669819000103]]]]},"properties":{"municipality":"Malalag","barangay":"Lapu-Lapu"}},{"type":"Feature","geometry":{"type":"MultiPolygon","coordinates":[[[[125.36408996600017,6.554279804000146],[125.36683654700028,6.547210217999975],[125.37261962800017,6.546679973000096],[125.37344360400027,6.544710160000079],[125.36840057300003,6.537020208000115],[125.36721038700011,6.532929898000077],[125.36492920000012,6.51171016700016],[125.36026000900006,6.503630161000103],[125.3559570320001,6.493619919000139],[125.3472366340003,6.473790170000143],[125.34483337400002,6.4737801550001],[125.33210754500021,6.47551012100007],[125.31543731600004,6.481090069000118],[125.31887054400022,6.494400026000108],[125.32174682700008,6.506269932000066],[125.318771362,6.511419773000114],[125.31080627400002,6.515900136000027],[125.30883789200004,6.516940117],[125.295799256,6.542369843000131],[125.29495239300002,6.543930054000043],[125.2886962880001,6.543360233000044],[125.2919387820001,6.561250211000186],[125.33862304700006,6.568089962000101],[125.34973907600022,6.565030098000022],[125.36161041200012,6.557189941000161],[125.36408996600017,6.554279804000146]]]]},"properties":{"municipality":"Malalag","barangay":"Mabini"}},{"type":"Feature","geometry":{"type":"MultiPolygon","coordinates":[[[[125.38289642200027,6.598609924000073],[125.38578033500005,6.595389842999964],[125.38973236000015,6.593100071000038],[125.39026641800024,6.592710018000048],[125.39215087800005,6.591370107000103],[125.39394378700013,6.59011983900001],[125.39244842500023,6.580800057000033],[125.39394378700013,6.572599888000184],[125.3905181890002,6.566909791000057],[125.38768768400007,6.562409878000153],[125.37834930400027,6.561570168000117],[125.37413024900002,6.561160087000189],[125.37207031200012,6.562389852000081],[125.36913299500009,6.572690010000031],[125.36905670100009,6.573870182000121],[125.36821746900011,6.589849949000097],[125.36496734700017,6.595170020000182],[125.36494445800031,6.595270635000077],[125.36638641400009,6.59528017000008],[125.36694336000016,6.594719887000167],[125.36750030600001,6.594719887000167],[125.36776733300019,6.594439984000189],[125.36805725200009,6.594719887000167],[125.36833191000028,6.594719887000167],[125.36888885600001,6.594170093000116],[125.36972046000005,6.594170093000116],[125.37000274600018,6.593890190000138],[125.37000274600018,6.593609810000032],[125.3705520640001,6.593060016000038],[125.37110901000005,6.593060016000038],[125.37222290000034,6.594170093000116],[125.37277984600007,6.594170093000116],[125.37304687500023,6.593890190000138],[125.37333679200015,6.594170093000116],[125.37361145000011,6.593890190000138],[125.37389373800022,6.593890190000138],[125.37416839600007,6.593609810000032],[125.37444305400004,6.593609810000032],[125.37473297200006,6.593329907000054],[125.37500000000011,6.593329907000054],[125.37555694600019,6.593890190000138],[125.376106262,6.593890190000138],[125.37695312600022,6.594719887000167],[125.37695312600022,6.594999790000145],[125.37638855000023,6.595560074000105],[125.37832641600016,6.597499847000108],[125.37832641600016,6.598330021000095],[125.37889099200015,6.59888982700005],[125.37917327800005,6.59888982700005],[125.37944793800023,6.598609924000073],[125.37972259600008,6.598609924000073],[125.38027954200015,6.598060131000125],[125.38166809000006,6.598060131000125],[125.38194275000023,6.598330021000095],[125.38249969600031,6.598330021000095],[125.38276672400002,6.598609924000073],[125.38289642200027,6.598609924000073]]]]},"properties":{"municipality":"Malalag","barangay":"New Baclayon"}},{"type":"Feature","geometry":{"type":"MultiPolygon","coordinates":[[[[125.37757110500013,6.539279939000096],[125.37914276100014,6.544459819000053],[125.3811874390002,6.547800065000047],[125.3850173940001,6.547679902000141],[125.38937377800028,6.547850133000111],[125.39386749400012,6.550449847000095],[125.39537048400018,6.549870015000067],[125.39842224200004,6.548429965000082],[125.40141296500019,6.54705],[125.41327667300015,6.549160004000044],[125.41433715800008,6.546790123000164],[125.39778900200008,6.537889958000108],[125.38310241700003,6.529990196000028],[125.38127899100016,6.534299850000082],[125.37757110500013,6.539279939000096]]]]},"properties":{"municipality":"Malalag","barangay":"Pitu"}},{"type":"Feature","geometry":{"type":"MultiPolygon","coordinates":[[[[125.39394378700013,6.59011983900001],[125.39523315500003,6.59085989100015],[125.39954376200012,6.593249798000102],[125.40396881200013,6.595049857000106],[125.40585327100018,6.594399929000133],[125.4071731570001,6.592279912000151],[125.40944671600005,6.589680195000085],[125.41544342000009,6.590079784000181],[125.41552734400011,6.590040207000186],[125.41589355600001,6.589829922000092],[125.41620636000016,6.589970112000174],[125.4165496820001,6.589789868000025],[125.41700744600018,6.589680195000085],[125.41750335600022,6.589489937000167],[125.41809082100019,6.589379787000098],[125.41869354200003,6.58917999199997],[125.41929626500007,6.588980198000172],[125.41980743400006,6.58865976300018],[125.4203033450001,6.588379860000032],[125.42073822000009,6.588160039000059],[125.42111206000015,6.588019848000101],[125.42135620200008,6.587830066000038],[125.42160797100007,6.587679864000052],[125.42183685200007,6.587480068000048],[125.42208862400014,6.587220193000121],[125.4224090580002,6.586919784000031],[125.42273712200017,6.586579800000152],[125.42308807300014,6.586200237000071],[125.42344665500013,6.585840226000073],[125.42378997800006,6.585470201000078],[125.42385101400009,6.585360051],[125.42102050800008,6.583330155000112],[125.417686462,6.580910207000102],[125.41513824500032,6.57898998200011],[125.4070129400003,6.574240207000116],[125.39761352500022,6.568910122000091],[125.38768768400007,6.562409878000153],[125.3905181890002,6.566909791000057],[125.39394378700013,6.572599888000184],[125.39244842500023,6.580800057000033],[125.39394378700013,6.59011983900001]]]]},"properties":{"municipality":"Malalag","barangay":"Poblacion"}},{"type":"Feature","geometry":{"type":"MultiPolygon","coordinates":[[[[125.19676971500007,6.536139964000085],[125.2086181630001,6.54344987900015],[125.22212219300013,6.545189858000185],[125.23065948600015,6.547490121000124],[125.23857879700017,6.545539857000051],[125.24620819200004,6.539659977000099],[125.25096130500003,6.536220073000095],[125.26201629600007,6.533460141000148],[125.26833343400028,6.53498983500009],[125.27144622700018,6.537020208000115],[125.27736663700011,6.542059899000094],[125.28015136800002,6.542630196000118],[125.2886962880001,6.543360233000044],[125.29495239300002,6.543930054000043],[125.295799256,6.542369843000131],[125.30883789200004,6.516940117],[125.31080627400002,6.515900136000027],[125.318771362,6.511419773000114],[125.32174682700008,6.506269932000066],[125.31887054400022,6.494400026000108],[125.31543731600004,6.481090069000118],[125.30552673400018,6.479869842000141],[125.29213714700006,6.484350205],[125.29123687700007,6.485539913000025],[125.26519012400013,6.499120235000134],[125.2418212890002,6.50956010900012],[125.19718933000013,6.526040078000051],[125.19676971500007,6.536139964000085]]]]},"properties":{"municipality":"Malalag","barangay":"Rizal"}},{"type":"Feature","geometry":{"type":"MultiPolygon","coordinates":[[[[125.19718933000013,6.526040078000051],[125.2418212890002,6.50956010900012],[125.26519012400013,6.499120235000134],[125.29123687700007,6.485539913000025],[125.29213714700006,6.484350205],[125.30552673400018,6.479869842000141],[125.31543731600004,6.481090069000118],[125.31539154100005,6.478020191000098],[125.31475067100007,6.474619866000069],[125.3160934440001,6.467490197000188],[125.31964874300002,6.451159955000094],[125.32031250000011,6.441850186000124],[125.31841278100012,6.434329986000137],[125.31477356000016,6.418260098000133],[125.18090057400013,6.424190046000149],[125.17677307100007,6.430779934000043],[125.17362976100003,6.436950206000063],[125.1712036130001,6.442389966000178],[125.17003631500006,6.445260047999966],[125.16834259100017,6.44921016800015],[125.16728973400018,6.452760220000073],[125.17172241200012,6.469520092000153],[125.1892700190001,6.485750198000119],[125.19220733700013,6.493470192000075],[125.198707581,6.510240078000152],[125.19718933000013,6.526040078000051]]]]},"properties":{"municipality":"Malalag","barangay":"San Isidro"}},{"type":"Feature","geometry":{"type":"MultiPolygon","coordinates":[[[[125.37344360400027,6.544710160000079],[125.37757110500013,6.539279939000096],[125.38127899100016,6.534299850000082],[125.38310241700003,6.529990196000028],[125.38108062700007,6.50837993600004],[125.38092041000004,6.50711011900006],[125.3783035270003,6.477799893000167],[125.37032318100012,6.456520081],[125.36656951900022,6.418010236000043],[125.31477356000016,6.418260098000133],[125.31841278100012,6.434329986000137],[125.32031250000011,6.441850186000124],[125.31964874300002,6.451159955000094],[125.3160934440001,6.467490197000188],[125.31475067100007,6.474619866000069],[125.31539154100005,6.478020191000098],[125.31543731600004,6.481090069000118],[125.33210754500021,6.47551012100007],[125.34483337400002,6.4737801550001],[125.3472366340003,6.473790170000143],[125.3559570320001,6.493619919000139],[125.36026000900006,6.503630161000103],[125.36492920000012,6.51171016700016],[125.36721038700011,6.532929898000077],[125.36840057300003,6.537020208000115],[125.37344360400027,6.544710160000079]]]]},"properties":{"municipality":"Malalag","barangay":"Tagansule"}},{"type":"Feature","geometry":{"type":"MultiPolygon","coordinates":[[[[125.19799804800004,6.669740200000149],[125.18039703300008,6.669400216000099],[125.18216705400005,6.669939994000174],[125.182029725,6.674369812000066],[125.18141174300001,6.681379795000169],[125.18054962300027,6.683050156000093],[125.18325805700022,6.683559895000087],[125.19281006000017,6.684020043000146],[125.20175933900009,6.684340001000123],[125.2041473390002,6.68482017600013],[125.20539856000005,6.680009843000164],[125.202842712,6.67586994200019],[125.20287322900015,6.674980162999987],[125.20237731800023,6.67493009500015],[125.19841766300021,6.672900200000129],[125.19799804800004,6.669740200000149]]]]},"properties":{"municipality":"Matanao","barangay":"Asbang"}},{"type":"Feature","geometry":{"type":"MultiPolygon","coordinates":[[[[125.203536987,6.696080209],[125.20047759900012,6.706659794000075],[125.21019744900002,6.70717001100013],[125.21114349400023,6.707399845000111],[125.21202850300017,6.70720005000004],[125.21257019100005,6.707139969000139],[125.21498870900018,6.70522022200015],[125.21576690600011,6.702640056],[125.21634674000018,6.69942998800019],[125.21016693100012,6.698369981000099],[125.203536987,6.696080209]]]]},"properties":{"municipality":"Matanao","barangay":"Asinan"}},{"type":"Feature","geometry":{"type":"MultiPolygon","coordinates":[[[[125.26442718600003,6.75640010800015],[125.26667785600011,6.75030994500014],[125.26679992700019,6.749849796000149],[125.26624298100012,6.747399806000089],[125.26519012400013,6.746890067000152],[125.26400756900023,6.743529797000122],[125.25527954200004,6.744860172000131],[125.25247955300006,6.743450166000173],[125.251800537,6.743460179000181],[125.25080871500006,6.743209840000191],[125.24459075900006,6.741250038000032],[125.24022674700007,6.741740226000104],[125.23838043300009,6.741330147000156],[125.23665618900009,6.740950109000153],[125.23518371600017,6.742909908000058],[125.23120880200008,6.745649814000103],[125.22588348400018,6.748859882000147],[125.24624633900021,6.751999854000076],[125.24855804500021,6.752210141000148],[125.25154113700012,6.752089978000072],[125.2516632080002,6.753449917000012],[125.26442718600003,6.75640010800015]]]]},"properties":{"municipality":"Matanao","barangay":"Bagumbayan"}},{"type":"Feature","geometry":{"type":"MultiPolygon","coordinates":[[[[125.20997619700006,6.689099789000124],[125.218467712,6.693940163000036],[125.21975708000002,6.69492006400003],[125.21994781400008,6.693920134999985],[125.2201538090003,6.693659783000157],[125.22119140700022,6.692259790000037],[125.22094726600017,6.690149784000084],[125.22004699600006,6.685550213000056],[125.21906280500014,6.683450222000147],[125.21820068400007,6.683760167000116],[125.2166137700001,6.684989929000096],[125.21444702100007,6.685050012000147],[125.20997619700006,6.689099789000124]]]]},"properties":{"municipality":"Matanao","barangay":"Bangkal"}},{"type":"Feature","geometry":{"type":"MultiPolygon","coordinates":[[[[125.20047759900012,6.706659794000075],[125.203536987,6.696080209],[125.20385742200006,6.693940163000036],[125.20310974000006,6.691709995999986],[125.20269012500023,6.690420151000126],[125.203330993,6.689660073000141],[125.20133209200003,6.690090180000084],[125.20049286000005,6.692249775000164],[125.19888305700022,6.694349765000027],[125.19606018000013,6.696310044000143],[125.19476318400007,6.697480202000122],[125.19246673600003,6.696670056000073],[125.19183349600019,6.696139812000069],[125.19010162300015,6.696330071000091],[125.18496704000029,6.694369794000181],[125.18205261300011,6.693649770000093],[125.18005371200002,6.694340230000023],[125.1697616570001,6.693540096999982],[125.1546783450002,6.693580152000038],[125.13137817400013,6.693200111000124],[125.1330413820001,6.704710006000028],[125.16060638400018,6.704520227000046],[125.17328643800022,6.705090046000066],[125.1836624140002,6.705399991000036],[125.1880111700001,6.706880093000109],[125.19254303000025,6.707369805000098],[125.19509124700016,6.706830025000045],[125.20047759900012,6.706659794000075]]]]},"properties":{"municipality":"Matanao","barangay":"Buas"}},{"type":"Feature","geometry":{"type":"MultiPolygon","coordinates":[[[[125.2041473390002,6.68482017600013],[125.20175933900009,6.684340001000123],[125.19281006000017,6.684020043000146],[125.18325805700022,6.683559895000087],[125.18054962300027,6.683050156000093],[125.17220306400009,6.682839871000169],[125.1519775390002,6.68206978000012],[125.13327789300001,6.680840015000058],[125.13220977800017,6.686679841000114],[125.13137817400013,6.693200111000124],[125.1546783450002,6.693580152000038],[125.1697616570001,6.693540096999982],[125.18005371200002,6.694340230000023],[125.18205261300011,6.693649770000093],[125.18496704000029,6.694369794000181],[125.19010162300015,6.696330071000091],[125.19183349600019,6.696139812000069],[125.19246673600003,6.696670056000073],[125.19476318400007,6.697480202000122],[125.19606018000013,6.696310044000143],[125.19888305700022,6.694349765000027],[125.20049286000005,6.692249775000164],[125.20133209200003,6.690090180000084],[125.203330993,6.689660073000141],[125.20401764000007,6.686900139000045],[125.2041473390002,6.68482017600013]]]]},"properties":{"municipality":"Matanao","barangay":"Buri"}},{"type":"Feature","geometry":{"type":"MultiPolygon","coordinates":[[[[125.31282043400006,6.733079910000129],[125.31610107500012,6.732619763000116],[125.32113647500023,6.732029916000101],[125.32286834700017,6.731719971000132],[125.32318115200019,6.731249809000133],[125.3240890510001,6.730810166000083],[125.32536315900018,6.730289937000123],[125.32813262900015,6.729539872000146],[125.33268737700007,6.727039815000126],[125.33464050300006,6.726449967000178],[125.32643890400004,6.724329948000161],[125.31594085700021,6.722360134999974],[125.30158233700001,6.721690179000177],[125.29284668000014,6.721680164000134],[125.29969024600007,6.728650093000113],[125.3020629890002,6.730249882000066],[125.3049163830002,6.730189800000062],[125.30705261300022,6.730619907000062],[125.31070709200014,6.732880116000103],[125.31282043400006,6.733079910000129]]]]},"properties":{"municipality":"Matanao","barangay":"Cabligan"}},{"type":"Feature","geometry":{"type":"MultiPolygon","coordinates":[[[[125.26400756900023,6.743529797000122],[125.26519012400013,6.746890067000152],[125.26624298100012,6.747399806000089],[125.26679992700019,6.749849796000149],[125.26667785600011,6.75030994500014],[125.26442718600003,6.75640010800015],[125.26442718600003,6.759819985000036],[125.26389312800006,6.761819839000168],[125.26438140900007,6.762810231],[125.26355743500005,6.765910148999978],[125.2632827750001,6.768479824000053],[125.27366638100023,6.767660141000022],[125.27336883500027,6.761079789000178],[125.27353668300009,6.754930019000085],[125.27346801700014,6.751379968000094],[125.273620606,6.749199868000176],[125.27390289200014,6.745279789000108],[125.27632904100005,6.741469860999985],[125.27118682800017,6.742209911000145],[125.26400756900023,6.743529797000122]]]]},"properties":{"municipality":"Matanao","barangay":"Camanchiles"}},{"type":"Feature","geometry":{"type":"MultiPolygon","coordinates":[[[[125.24532318100023,6.70488977399998],[125.2451629630001,6.696390153000095],[125.24172973700013,6.698349953000047],[125.24059295600011,6.699100018000024],[125.23988342300004,6.700530052000033],[125.23988342300004,6.70185995200012],[125.23751831000004,6.703310013000134],[125.23603057800005,6.703139782000164],[125.23458099400023,6.704629899000111],[125.23284149100004,6.705090046000066],[125.23034667900004,6.707149983000079],[125.22971343900008,6.707389831000171],[125.22856903100023,6.70803022400014],[125.22651672400002,6.708620070999984],[125.2249374380001,6.710159779000037],[125.22456359800003,6.713049889000047],[125.22454834000018,6.715109826000059],[125.22522735600023,6.715610027000139],[125.22895812900015,6.71686983100011],[125.24513244700006,6.7220401780001],[125.24523162900027,6.721970082000155],[125.24532318100023,6.70488977399998]]]]},"properties":{"municipality":"Matanao","barangay":"Ceboza"}},{"type":"Feature","geometry":{"type":"MultiPolygon","coordinates":[[[[125.21233368000014,6.669280053000023],[125.2080230700002,6.669340133000162],[125.20137023900008,6.669660091000026],[125.19799804800004,6.669740200000149],[125.19841766300021,6.672900200000129],[125.20237731800023,6.67493009500015],[125.20287322900015,6.674980162999987],[125.21159362800017,6.675700189000054],[125.21588897600009,6.677130223000063],[125.21555328300019,6.675509930000032],[125.21470642100007,6.674240113000053],[125.21233368000014,6.669280053000023]]]]},"properties":{"municipality":"Matanao","barangay":"Colonsabak"}},{"type":"Feature","geometry":{"type":"MultiPolygon","coordinates":[[[[125.24476623500016,6.678810120000094],[125.24536132800006,6.669509888999983],[125.2405090330002,6.669149877000052],[125.2356796260002,6.66911983500006],[125.23181915300006,6.669519902000047],[125.22368621900023,6.668630123000071],[125.21233368000014,6.669280053000023],[125.21470642100007,6.674240113000053],[125.21555328300019,6.675509930000032],[125.21588897600009,6.677130223000063],[125.21768951300032,6.68016004500015],[125.2194671640001,6.679120064000131],[125.22284698500005,6.678090096000176],[125.22765350300017,6.677209855000115],[125.23039245600023,6.676839830000119],[125.23313140900007,6.677010059999986],[125.23497772300004,6.678609848],[125.2369613640002,6.678249836000077],[125.2385635390001,6.679120064000131],[125.24166107200017,6.678460121000171],[125.24476623500016,6.678810120000094]]]]},"properties":{"municipality":"Matanao","barangay":"Dongan-Pekong"}},{"type":"Feature","geometry":{"type":"MultiPolygon","coordinates":[[[[125.203536987,6.696080209],[125.21016693100012,6.698369981000099],[125.21634674000018,6.69942998800019],[125.21872711200012,6.699170113000093],[125.21807861400009,6.698080063000134],[125.21975708000002,6.69492006400003],[125.218467712,6.693940163000036],[125.20997619700006,6.689099789000124],[125.20977020200007,6.689509869000119],[125.20825958200021,6.691939830000024],[125.20269012500023,6.690420151000126],[125.20310974000006,6.691709995999986],[125.20385742200006,6.693940163000036],[125.203536987,6.696080209]]]]},"properties":{"municipality":"Matanao","barangay":"Kabasagan"}},{"type":"Feature","geometry":{"type":"MultiPolygon","coordinates":[[[[125.2014236460002,6.71857023300015],[125.21035766700015,6.719329834000177],[125.21127319300001,6.711209775000043],[125.21114349400023,6.707399845000111],[125.21019744900002,6.70717001100013],[125.20047759900012,6.706659794000075],[125.2007522590003,6.707530023000061],[125.2004165640002,6.709109784000134],[125.2005462650003,6.711939812000139],[125.2014236460002,6.71857023300015]]]]},"properties":{"municipality":"Matanao","barangay":"Kapok"}},{"type":"Feature","geometry":{"type":"MultiPolygon","coordinates":[[[[125.18039703300008,6.669400216000099],[125.14607238700012,6.669159890000117],[125.13558197100008,6.678810120000094],[125.13327789300001,6.680840015000058],[125.1519775390002,6.68206978000012],[125.17220306400009,6.682839871000169],[125.18054962300027,6.683050156000093],[125.18141174300001,6.681379795000169],[125.182029725,6.674369812000066],[125.18216705400005,6.669939994000174],[125.18039703300008,6.669400216000099]]]]},"properties":{"municipality":"Matanao","barangay":"Kauswagan"}},{"type":"Feature","geometry":{"type":"MultiPolygon","coordinates":[[[[125.2541580200002,6.79173994100006],[125.2621231080002,6.785820007000154],[125.26656341600005,6.782999992000157],[125.27269744800003,6.779900074000125],[125.27615356500007,6.7777700420001],[125.26864624100017,6.776700019000145],[125.26229858400029,6.776279927000189],[125.26133728100024,6.778580190000184],[125.26053619400011,6.780069827000091],[125.25971984800026,6.781710149000105],[125.25879669200026,6.783430100000032],[125.25771331800001,6.786459924000042],[125.2541580200002,6.79173994100006]]]]},"properties":{"municipality":"Matanao","barangay":"Kibao"}},{"type":"Feature","geometry":{"type":"MultiPolygon","coordinates":[[[[125.2451629630001,6.696390153000095],[125.24476623500016,6.691770077000115],[125.23412323100013,6.693779946000063],[125.22522735600023,6.693570136000062],[125.22454834000018,6.692900180000095],[125.2201538090003,6.693659783000157],[125.21994781400008,6.693920134999985],[125.21975708000002,6.69492006400003],[125.21807861400009,6.698080063000134],[125.21872711200012,6.699170113000093],[125.21634674000018,6.69942998800019],[125.21576690600011,6.702640056],[125.215950012,6.702579976000038],[125.217338562,6.702690124000071],[125.22392273000014,6.70352983500004],[125.22944641100003,6.704100132000065],[125.23603057800005,6.703139782000164],[125.23751831000004,6.703310013000134],[125.23988342300004,6.70185995200012],[125.23988342300004,6.700530052000033],[125.24059295600011,6.699100018000024],[125.24172973700013,6.698349953000047],[125.2451629630001,6.696390153000095]]]]},"properties":{"municipality":"Matanao","barangay":"La Suerte"}},{"type":"Feature","geometry":{"type":"MultiPolygon","coordinates":[[[[125.24513244700006,6.7220401780001],[125.22895812900015,6.71686983100011],[125.22522735600023,6.715610027000139],[125.22454834000018,6.715109826000059],[125.22503662000008,6.722310066000034],[125.22499847300003,6.725419999000053],[125.22458648600002,6.725520134000078],[125.22485351600005,6.725530149000122],[125.22973632800006,6.725550175000137],[125.2340087880001,6.725490094000065],[125.24765014700006,6.72602987200014],[125.24633789100017,6.724999904000185],[125.24527740600024,6.72370004600009],[125.24513244700006,6.7220401780001]]]]},"properties":{"municipality":"Matanao","barangay":"Langa-An"}},{"type":"Feature","geometry":{"type":"MultiPolygon","coordinates":[[[[125.2149734510001,6.727330208000069],[125.21745300200007,6.73137998600015],[125.2194671640001,6.729839800999969],[125.22345733600002,6.726850033000062],[125.22425842300026,6.725969792000171],[125.22485351600005,6.725530149000122],[125.22458648600002,6.725520134000078],[125.22499847300003,6.725419999000053],[125.22503662000008,6.722310066000034],[125.22454834000018,6.715109826000059],[125.22245788600003,6.714069844000164],[125.21917724600007,6.711719989000187],[125.21874237000009,6.721179962000122],[125.21035766700015,6.719329834000177],[125.2149734510001,6.727330208000069]]]]},"properties":{"municipality":"Matanao","barangay":"Lower Marber"}},{"type":"Feature","geometry":{"type":"MultiPolygon","coordinates":[[[[125.30771636900022,6.737279892000174],[125.31336212100018,6.735070228000097],[125.31282043400006,6.733079910000129],[125.31070709200014,6.732880116000103],[125.30705261300022,6.730619907000062],[125.3049163830002,6.730189800000062],[125.3020629890002,6.730249882000066],[125.29969024600007,6.728650093000113],[125.29284668000014,6.721680164000134],[125.26817321900012,6.721270084000139],[125.25083160400004,6.721930028000031],[125.24523162900027,6.721970082000155],[125.24513244700006,6.7220401780001],[125.24527740600024,6.72370004600009],[125.24633789100017,6.724999904000185],[125.24765014700006,6.72602987200014],[125.25039672800017,6.729990005000161],[125.25066375800009,6.734389782000108],[125.25110626200012,6.736989976000132],[125.25190734900002,6.741549969000062],[125.251800537,6.743460179000181],[125.25247955300006,6.743450166000173],[125.25527954200004,6.744860172000131],[125.26400756900023,6.743529797000122],[125.27118682800017,6.742209911000145],[125.27632904100005,6.741469860999985],[125.30275726400009,6.736899854000171],[125.30771636900022,6.737279892000174]]]]},"properties":{"municipality":"Matanao","barangay":"Manga"}},{"type":"Feature","geometry":{"type":"MultiPolygon","coordinates":[[[[125.22588348400018,6.748859882000147],[125.23267364500009,6.767109872000049],[125.23584747400002,6.775839806000135],[125.23842620800008,6.779379845000165],[125.24523925700021,6.795829773000037],[125.24796295200008,6.768929958],[125.25055694600007,6.760950089000119],[125.2516632080002,6.753449917000012],[125.25154113700012,6.752089978000072],[125.24855804500021,6.752210141000148],[125.24624633900021,6.751999854000076],[125.22588348400018,6.748859882000147]]]]},"properties":{"municipality":"Matanao","barangay":"New Katipunan"}},{"type":"Feature","geometry":{"type":"MultiPolygon","coordinates":[[[[125.1749267570001,6.718540191000102],[125.2014236460002,6.71857023300015],[125.2005462650003,6.711939812000139],[125.2004165640002,6.709109784000134],[125.2007522590003,6.707530023000061],[125.20047759900012,6.706659794000075],[125.19509124700016,6.706830025000045],[125.19254303000025,6.707369805000098],[125.1880111700001,6.706880093000109],[125.1836624140002,6.705399991000036],[125.17328643800022,6.705090046000066],[125.1749267570001,6.718540191000102]]]]},"properties":{"municipality":"Matanao","barangay":"New Murcia"}},{"type":"Feature","geometry":{"type":"MultiPolygon","coordinates":[[[[125.21745300200007,6.73137998600015],[125.21972656300011,6.735280038000099],[125.22588348400018,6.748859882000147],[125.23120880200008,6.745649814000103],[125.23518371600017,6.742909908000058],[125.23665618900009,6.740950109000153],[125.23497009300002,6.736780166000187],[125.23169708200032,6.731530190000115],[125.23150634800004,6.729300023000064],[125.23164367700008,6.726709844000084],[125.22973632800006,6.725550175000137],[125.22485351600005,6.725530149000122],[125.22425842300026,6.725969792000171],[125.22345733600002,6.726850033000062],[125.2194671640001,6.729839800999969],[125.21745300200007,6.73137998600015]]]]},"properties":{"municipality":"Matanao","barangay":"New Visayas"}},{"type":"Feature","geometry":{"type":"MultiPolygon","coordinates":[[[[125.21576690600011,6.702640056],[125.21498870900018,6.70522022200015],[125.21257019100005,6.707139969000139],[125.21202850300017,6.70720005000004],[125.21114349400023,6.707399845000111],[125.21127319300001,6.711209775000043],[125.21917724600007,6.711719989000187],[125.22245788600003,6.714069844000164],[125.22454834000018,6.715109826000059],[125.22456359800003,6.713049889000047],[125.2249374380001,6.710159779000037],[125.22651672400002,6.708620070999984],[125.22856903100023,6.70803022400014],[125.22971343900008,6.707389831000171],[125.23034667900004,6.707149983000079],[125.23284149100004,6.705090046000066],[125.23458099400023,6.704629899000111],[125.23603057800005,6.703139782000164],[125.22944641100003,6.704100132000065],[125.22392273000014,6.70352983500004],[125.217338562,6.702690124000071],[125.215950012,6.702579976000038],[125.21576690600011,6.702640056]]]]},"properties":{"municipality":"Matanao","barangay":"Poblacion"}},{"type":"Feature","geometry":{"type":"MultiPolygon","coordinates":[[[[125.24495697100008,6.683010101000036],[125.24503326400009,6.68002986900018],[125.24476623500016,6.678810120000094],[125.24166107200017,6.678460121000171],[125.2385635390001,6.679120064000131],[125.2369613640002,6.678249836000077],[125.23497772300004,6.678609848],[125.23313140900007,6.677010059999986],[125.23039245600023,6.676839830000119],[125.22765350300017,6.677209855000115],[125.22284698500005,6.678090096000176],[125.2235031130001,6.679409980000173],[125.22202301100003,6.681869983000013],[125.21906280500014,6.683450222000147],[125.22004699600006,6.685550213000056],[125.22396850500013,6.684659959000157],[125.23120117100007,6.684939862000135],[125.24495697100008,6.683010101000036]]]]},"properties":{"municipality":"Matanao","barangay":"Saboy"}},{"type":"Feature","geometry":{"type":"MultiPolygon","coordinates":[[[[125.23665618900009,6.740950109000153],[125.23838043300009,6.741330147000156],[125.24022674700007,6.741740226000104],[125.24459075900006,6.741250038000032],[125.25080871500006,6.743209840000191],[125.251800537,6.743460179000181],[125.25190734900002,6.741549969000062],[125.25110626200012,6.736989976000132],[125.25066375800009,6.734389782000108],[125.25039672800017,6.729990005000161],[125.24765014700006,6.72602987200014],[125.2340087880001,6.725490094000065],[125.22973632800006,6.725550175000137],[125.23164367700008,6.726709844000084],[125.23150634800004,6.729300023000064],[125.23169708200032,6.731530190000115],[125.23497009300002,6.736780166000187],[125.23665618900009,6.740950109000153]]]]},"properties":{"municipality":"Matanao","barangay":"San Jose"}},{"type":"Feature","geometry":{"type":"MultiPolygon","coordinates":[[[[125.13226318300008,6.719629765000036],[125.1377868640003,6.719379903000174],[125.1749267570001,6.718540191000102],[125.17328643800022,6.705090046000066],[125.16060638400018,6.704520227000046],[125.1330413820001,6.704710006000028],[125.13263702300026,6.712419986999976],[125.13262939500021,6.712609768000164],[125.13226318300008,6.719629765000036]]]]},"properties":{"municipality":"Matanao","barangay":"San Miguel"}},{"type":"Feature","geometry":{"type":"MultiPolygon","coordinates":[[[[125.2788772580003,6.774779797000065],[125.28117370600012,6.768109799000115],[125.2754592900003,6.768020153000123],[125.27366638100023,6.767660141000022],[125.2632827750001,6.768479824000053],[125.26331329400023,6.769790173000047],[125.26264190700022,6.773570060000054],[125.26229858400029,6.776279927000189],[125.26864624100017,6.776700019000145],[125.27615356500007,6.7777700420001],[125.2788772580003,6.774779797000065]]]]},"properties":{"municipality":"Matanao","barangay":"San Vicente"}},{"type":"Feature","geometry":{"type":"MultiPolygon","coordinates":[[[[125.20287322900015,6.674980162999987],[125.202842712,6.67586994200019],[125.20539856000005,6.680009843000164],[125.2041473390002,6.68482017600013],[125.20401764000007,6.686900139000045],[125.203330993,6.689660073000141],[125.20269012500023,6.690420151000126],[125.20825958200021,6.691939830000024],[125.20977020200007,6.689509869000119],[125.20997619700006,6.689099789000124],[125.21444702100007,6.685050012000147],[125.2166137700001,6.684989929000096],[125.21820068400007,6.683760167000116],[125.21906280500014,6.683450222000147],[125.22202301100003,6.681869983000013],[125.2235031130001,6.679409980000173],[125.22284698500005,6.678090096000176],[125.2194671640001,6.679120064000131],[125.21768951300032,6.68016004500015],[125.21588897600009,6.677130223000063],[125.21159362800017,6.675700189000054],[125.20287322900015,6.674980162999987]]]]},"properties":{"municipality":"Matanao","barangay":"Saub"}},{"type":"Feature","geometry":{"type":"MultiPolygon","coordinates":[[[[125.29015350400005,6.754909993000069],[125.29045105000012,6.752820015000168],[125.29129028200009,6.750500202000126],[125.29270172100007,6.748740195999972],[125.29476165700021,6.743859768000107],[125.2973327630001,6.741360188000101],[125.30036926300022,6.740719796],[125.30367279000006,6.738639831000171],[125.30771636900022,6.737279892000174],[125.30275726400009,6.736899854000171],[125.27632904100005,6.741469860999985],[125.27390289200014,6.745279789000108],[125.273620606,6.749199868000176],[125.27346801700014,6.751379968000094],[125.27353668300009,6.754930019000085],[125.27336883500027,6.761079789000178],[125.27366638100023,6.767660141000022],[125.2754592900003,6.768020153000123],[125.28117370600012,6.768109799000115],[125.28835296700004,6.758759976000022],[125.29015350400005,6.754909993000069]]]]},"properties":{"municipality":"Matanao","barangay":"Sinaragan"}},{"type":"Feature","geometry":{"type":"MultiPolygon","coordinates":[[[[125.24523925700021,6.795829773000037],[125.24825286800024,6.804190160000132],[125.25042724700029,6.808819772000049],[125.250877381,6.811820030000149],[125.25189971900011,6.809229851000111],[125.25144195500002,6.80336999900004],[125.25222778400018,6.800059795999971],[125.25398254400022,6.796790123000108],[125.2541580200002,6.79173994100006],[125.25771331800001,6.786459924000042],[125.25879669200026,6.783430100000032],[125.25971984800026,6.781710149000105],[125.26053619400011,6.780069827000091],[125.26133728100024,6.778580190000184],[125.26229858400029,6.776279927000189],[125.26264190700022,6.773570060000054],[125.26331329400023,6.769790173000047],[125.2632827750001,6.768479824000053],[125.26355743500005,6.765910148999978],[125.26438140900007,6.762810231],[125.26389312800006,6.761819839000168],[125.26442718600003,6.759819985000036],[125.26442718600003,6.75640010800015],[125.2516632080002,6.753449917000012],[125.25055694600007,6.760950089000119],[125.24796295200008,6.768929958],[125.24523925700021,6.795829773000037]]]]},"properties":{"municipality":"Matanao","barangay":"Sinawilan"}},{"type":"Feature","geometry":{"type":"MultiPolygon","coordinates":[[[[125.21127319300001,6.711209775000043],[125.21035766700015,6.719329834000177],[125.21874237000009,6.721179962000122],[125.21917724600007,6.711719989000187],[125.21127319300001,6.711209775000043]]]]},"properties":{"municipality":"Matanao","barangay":"Tamlangon"}},{"type":"Feature","geometry":{"type":"MultiPolygon","coordinates":[[[[125.24476623500016,6.691770077000115],[125.24458313100013,6.687530041000116],[125.24495697100008,6.683010101000036],[125.23120117100007,6.684939862000135],[125.23412323100013,6.693779946000063],[125.24476623500016,6.691770077000115]]]]},"properties":{"municipality":"Matanao","barangay":"Tibongbong"}},{"type":"Feature","geometry":{"type":"MultiPolygon","coordinates":[[[[125.22004699600006,6.685550213000056],[125.22094726600017,6.690149784000084],[125.22119140700022,6.692259790000037],[125.2201538090003,6.693659783000157],[125.22454834000018,6.692900180000095],[125.22522735600023,6.693570136000062],[125.23412323100013,6.693779946000063],[125.23120117100007,6.684939862000135],[125.22396850500013,6.684659959000157],[125.22004699600006,6.685550213000056]]]]},"properties":{"municipality":"Matanao","barangay":"Towak"}},{"type":"Feature","geometry":{"type":"MultiPolygon","coordinates":[[[[125.31725311300022,6.65902996],[125.31732177700007,6.662559986000076],[125.31743621700014,6.664370060000067],[125.32673645000034,6.664350032000186],[125.32740783700001,6.659249783000178],[125.33247375400003,6.657849790000057],[125.33209991400008,6.656129837000151],[125.32803344700028,6.656849861000012],[125.323936462,6.657410144000096],[125.32008361900012,6.657889844000181],[125.31738281200023,6.65822982800006],[125.31725311300022,6.65902996]]]]},"properties":{"municipality":"Padada","barangay":"Almendras"}},{"type":"Feature","geometry":{"type":"MultiPolygon","coordinates":[[[[125.29991149900013,6.671710014000041],[125.30330658000014,6.671309948000157],[125.30740356500007,6.671710014000041],[125.31006622400002,6.671360016000051],[125.31333160500014,6.664490222999973],[125.31743621700014,6.664370060000067],[125.31732177700007,6.662559986000076],[125.31725311300022,6.65902996],[125.31018829300012,6.658810140000128],[125.30423736600005,6.658999921000088],[125.3021926880001,6.659009934000153],[125.30140686100003,6.664589883000076],[125.29765319800003,6.664539814000079],[125.29714202900016,6.662710190000041],[125.28891754100016,6.662640094000096],[125.28842163000024,6.66392994000006],[125.28865814100004,6.665110112000036],[125.28855133100024,6.668059826000047],[125.28574371200023,6.671619893000127],[125.289962768,6.671689988000026],[125.29547882100019,6.67192983700005],[125.29991149900013,6.671710014000041]]]]},"properties":{"municipality":"Padada","barangay":"Don Sergio Osmena, Sr."}},{"type":"Feature","geometry":{"type":"MultiPolygon","coordinates":[[[[125.3021926880001,6.659009934000153],[125.30423736600005,6.658999921000088],[125.31018829300012,6.658810140000128],[125.31017303400017,6.656569958000034],[125.3098220830002,6.65299987800006],[125.31598663400018,6.652880192000111],[125.32401275600023,6.65155983000011],[125.32421112000009,6.651780128000041],[125.32607269200014,6.647039891000134],[125.32379913300008,6.637589931000036],[125.32154083200021,6.637959958000181],[125.31664276000004,6.638949872000182],[125.31146240200007,6.640510082000162],[125.30754852400025,6.640870094000093],[125.3019866940001,6.642789842000127],[125.2992630010001,6.643410206000112],[125.2959899900003,6.644589901000131],[125.2928619380001,6.645209790000138],[125.28955078100012,6.646120073000077],[125.29051208500016,6.649250032000111],[125.29180908200021,6.650300026000139],[125.29319763200021,6.651380062000158],[125.29412078900009,6.652639866000129],[125.29559326100002,6.653659821000076],[125.29649353100012,6.654170036999972],[125.29812622000009,6.65453004900013],[125.29966735900018,6.654739857000038],[125.30075836100002,6.655489922000015],[125.30152893200011,6.656410217000087],[125.3021926880001,6.659009934000153]]]]},"properties":{"municipality":"Padada","barangay":"Harada Butai"}},{"type":"Feature","geometry":{"type":"MultiPolygon","coordinates":[[[[125.248947143,6.653779984000153],[125.24658203200022,6.654329777000044],[125.24329376300034,6.655129910000085],[125.23901367200017,6.655889988000126],[125.24205017000008,6.66038990100003],[125.24817657400001,6.660639763000063],[125.25485992500023,6.661159992000023],[125.25829315100009,6.661729812000146],[125.26228332500023,6.662950039000123],[125.26275634800015,6.662809850000144],[125.27218627900015,6.661280156000032],[125.27877044800005,6.660359860000085],[125.28558349700018,6.660940170000174],[125.28472900400004,6.65466976100015],[125.28511047300015,6.647427082000092],[125.27488708600004,6.649439811000093],[125.27134704500031,6.649950027000045],[125.26748657200005,6.650090219000106],[125.2607879630001,6.651770115000033],[125.25749206600017,6.652639866000129],[125.25388336200001,6.652760029000035],[125.248947143,6.653779984000153]]]]},"properties":{"municipality":"Padada","barangay":"Lower Katipunan"}},{"type":"Feature","geometry":{"type":"MultiPolygon","coordinates":[[[[125.37130737400014,6.644050121000021],[125.36546325800009,6.641399861000139],[125.36322021500007,6.641489983000156],[125.36054229700017,6.642360211000039],[125.35709381100014,6.64509010400019],[125.35414123500004,6.64619016600011],[125.35426330500002,6.650370122000083],[125.35336303800023,6.651529789000051],[125.35045623700012,6.651649952000128],[125.35082244900025,6.65520000600003],[125.35061645500025,6.66038990100003],[125.35086059600008,6.663020135000011],[125.35453033500005,6.664790153000126],[125.35797882200006,6.667099953000104],[125.3568267830002,6.663249970000152],[125.35726165800008,6.660140037000133],[125.35839843700023,6.656960011000081],[125.35839080900007,6.656779767000103],[125.35829162700009,6.65520000600003],[125.36197662400002,6.651509763000149],[125.36308288600014,6.649730207000175],[125.36942291300022,6.648039818000029],[125.37140655600012,6.64772987300006],[125.3724517830002,6.647570133000158],[125.3720169070001,6.646269798000105],[125.37130737400014,6.644050121000021]]]]},"properties":{"municipality":"Padada","barangay":"Lower Limonzo"}},{"type":"Feature","geometry":{"type":"MultiPolygon","coordinates":[[[[125.27951049800015,6.67183017800005],[125.2836074820002,6.671629906000021],[125.28574371200023,6.671619893000127],[125.28855133100024,6.668059826000047],[125.28865814100004,6.665110112000036],[125.28842163000024,6.66392994000006],[125.28891754100016,6.662640094000096],[125.28816986100014,6.661109925000062],[125.28558349700018,6.660940170000174],[125.27877044800005,6.660359860000085],[125.27218627900015,6.661280156000032],[125.26275634800015,6.662809850000144],[125.26228332500023,6.662950039000123],[125.25829315100009,6.661729812000146],[125.25485992500023,6.661159992000023],[125.24817657400001,6.660639763000063],[125.24205017000008,6.66038990100003],[125.2405090330002,6.669149877000052],[125.24536132800006,6.669509888999983],[125.25135040300029,6.669600010000067],[125.25341797000021,6.66902017600006],[125.25701904300001,6.670000077000054],[125.26178741500019,6.67183017800005],[125.26761627300004,6.671800136000059],[125.27262878500017,6.67156982500012],[125.27504730300006,6.671870232000174],[125.27951049800015,6.67183017800005]]]]},"properties":{"municipality":"Padada","barangay":"Lower Malinao"}},{"type":"Feature","geometry":{"type":"MultiPolygon","coordinates":[[[[125.31738281200023,6.65822982800006],[125.32008361900012,6.657889844000181],[125.323936462,6.657410144000096],[125.32803344700028,6.656849861000012],[125.33209991400008,6.656129837000151],[125.33170318600003,6.65380001],[125.32421112000009,6.651780128000041],[125.32401275600023,6.65155983000011],[125.31598663400018,6.652880192000111],[125.31738281200023,6.65822982800006]]]]},"properties":{"municipality":"Padada","barangay":"N C Ordaneza Distric"}},{"type":"Feature","geometry":{"type":"MultiPolygon","coordinates":[[[[125.31006622400002,6.671360016000051],[125.31463623100024,6.67165994700008],[125.31958007800029,6.67182016400011],[125.32599639800003,6.672050000000127],[125.32723998900019,6.67195987600013],[125.33122253300019,6.672130109000079],[125.3334884640002,6.672140122000144],[125.33870696900021,6.672800065000104],[125.3398666380001,6.672749996000107],[125.34559631400009,6.673250199000051],[125.35022735600012,6.672410012000057],[125.35582733100011,6.672749996000107],[125.35701751700003,6.669060230000184],[125.35030365000023,6.668799878000129],[125.34735870400027,6.668519975000152],[125.34716034000007,6.667510033000099],[125.34568786600005,6.667079925000053],[125.34497070300017,6.667920112],[125.32673645000034,6.664350032000186],[125.31743621700014,6.664370060000067],[125.31333160500014,6.664490222999973],[125.31006622400002,6.671360016000051]]]]},"properties":{"municipality":"Padada","barangay":"Northern Paligue"}},{"type":"Feature","geometry":{"type":"MultiPolygon","coordinates":[[[[125.32379913300008,6.637589931000036],[125.32607269200014,6.647039891000134],[125.33586883600015,6.64839983000013],[125.34314727700007,6.648739815000113],[125.34779358000003,6.647510053000133],[125.34934997500011,6.648049831000037],[125.35008239700016,6.646349906000182],[125.35414123500004,6.64619016600011],[125.35709381100014,6.64509010400019],[125.36054229700017,6.642360211000039],[125.36322021500007,6.641489983000156],[125.36546325800009,6.641399861000139],[125.37130737400014,6.644050121000021],[125.37256622300004,6.642280103000132],[125.37274169900002,6.642370224000047],[125.37306976400009,6.642549993000102],[125.37339019700005,6.643089771000177],[125.37371063200021,6.643630028000189],[125.37407684400011,6.644249915000046],[125.37438201800012,6.644780160000153],[125.3745574940001,6.644690038000135],[125.37670898500005,6.646039964000124],[125.38166809000006,6.643559933000176],[125.38194275000023,6.640570165000042],[125.38210296700004,6.639190198000165],[125.38195037800017,6.638889789000132],[125.3817062390001,6.638360024000065],[125.38153839100005,6.637839795000104],[125.38166809000006,6.63749980900019],[125.38166809000006,6.637219906000041],[125.38221740800009,6.63667011300015],[125.38242340000022,6.63667011300015],[125.38249969600031,6.63667011300015],[125.38276672400002,6.636390209000069],[125.3833313,6.636390209000069],[125.38361358600014,6.636109829000134],[125.38416290400005,6.636109829000134],[125.38445282000009,6.636390209000069],[125.38471984800015,6.636390209000069],[125.38471984800015,6.635560036000186],[125.38500213600003,6.635280132000162],[125.38500213600003,6.635000229000184],[125.38471984800015,6.634719849000078],[125.38471984800015,6.634439945000167],[125.38445282000009,6.634170055000027],[125.38416290400005,6.634170055000027],[125.3838882440001,6.634439945000167],[125.3833313,6.634439945000167],[125.38305664000006,6.634719849000078],[125.38285827600009,6.634719849000078],[125.38276672400002,6.634719849000078],[125.38249969600031,6.635000229000184],[125.38194275000023,6.635000229000184],[125.38166809000006,6.634719849000078],[125.38166809000006,6.634439945000167],[125.3813934320001,6.634170055000027],[125.3813934320001,6.633890152000049],[125.3811111460002,6.633609772000113],[125.38221740800009,6.632500172000164],[125.38221740800009,6.632219791000125],[125.38249969600031,6.631939888000147],[125.38249969600031,6.631669998000064],[125.38194275000023,6.631110192000108],[125.38194275000023,6.630280018000121],[125.3813934320001,6.629720212000166],[125.3813934320001,6.629630090000035],[125.380912781,6.629630090000035],[125.37531280400003,6.63049984100013],[125.37084961000005,6.630909920000022],[125.36679077200017,6.631420136000145],[125.36434173500027,6.631730081000114],[125.36181640700022,6.631659985000169],[125.35925292900004,6.631599903],[125.35434722900004,6.632520198000066],[125.3491134640002,6.632939815000043],[125.34311676100003,6.633769989000143],[125.33612060500013,6.634409904000051],[125.33164978100001,6.635550022000075],[125.32775116000028,6.636610032000021],[125.32379913300008,6.637589931000036]]]]},"properties":{"municipality":"Padada","barangay":"Palili"}},{"type":"Feature","geometry":{"type":"MultiPolygon","coordinates":[[[[125.38083648600002,6.660649776000128],[125.38083648600002,6.660280229000023],[125.38117980900006,6.659440042000028],[125.38124847500012,6.659170152000058],[125.38146209700017,6.658820152999965],[125.38146209700017,6.65778017100007],[125.3813934320001,6.657499790999964],[125.38153076100002,6.657149792000041],[125.38146209700017,6.65625],[125.3813705450001,6.655910016000178],[125.3813476570001,6.655839921000108],[125.38134002700019,6.655680181000037],[125.38102722200017,6.65559005700004],[125.3769226070001,6.654850007000107],[125.37464141800012,6.656499864000125],[125.37277221800014,6.657010078000042],[125.3700866700002,6.657830239000134],[125.36652374200003,6.659470081000109],[125.36293792700008,6.662809850000144],[125.36618804900013,6.66343021400013],[125.36673736500006,6.66353988700007],[125.37056732200017,6.663919927000052],[125.37135314900002,6.663819790000048],[125.37325286800012,6.663680076],[125.37660980200008,6.663440227000137],[125.3795471200001,6.661610125999971],[125.3796691890002,6.661540033000165],[125.38083648600002,6.660649776000128]]]]},"properties":{"municipality":"Padada","barangay":"Piape"}},{"type":"Feature","geometry":{"type":"MultiPolygon","coordinates":[[[[125.37130737400014,6.644050121000021],[125.3720169070001,6.646269798000105],[125.3724517830002,6.647570133000158],[125.37140655600012,6.64772987300006],[125.36942291300022,6.648039818000029],[125.36308288600014,6.649730207000175],[125.36197662400002,6.651509763000149],[125.35829162700009,6.65520000600003],[125.35839080900007,6.656779767000103],[125.35839843700023,6.656960011000081],[125.35726165800008,6.660140037000133],[125.3568267830002,6.663249970000152],[125.35851287900005,6.662849904000097],[125.35880279600019,6.66278982100016],[125.36004638600002,6.66248989200011],[125.36293792700008,6.662809850000144],[125.36652374200003,6.659470081000109],[125.3700866700002,6.657830239000134],[125.37277221800014,6.657010078000042],[125.37464141800012,6.656499864000125],[125.3769226070001,6.654850007000107],[125.38102722200017,6.65559005700004],[125.38134002700019,6.655680181000037],[125.38133239700005,6.655459881000127],[125.38121032800007,6.654960154999969],[125.38117980900006,6.654500008000184],[125.3811874390002,6.654039859000079],[125.38123321400019,6.653719902000148],[125.38124847500012,6.653530120000084],[125.38121795600011,6.652969836000068],[125.38123321400019,6.652369976000159],[125.38131713800021,6.651830198000084],[125.38144683900032,6.651400090000038],[125.38152313300009,6.651249886000073],[125.38159179600018,6.651070117000188],[125.3817062390001,6.650750160000086],[125.38195800800008,6.650440215000117],[125.38233947800006,6.649370193000038],[125.38282775900018,6.647840023000072],[125.38353729200003,6.646150112000157],[125.3836593630001,6.646039964000124],[125.38474273600013,6.643879890000051],[125.38497924700005,6.643569946000184],[125.38513946500018,6.643320084000095],[125.38523101900012,6.64306020700019],[125.38526916600017,6.64277982599998],[125.38523101900012,6.642449856000042],[125.38513946500018,6.642119885],[125.3850173940001,6.641839982000022],[125.38485717700007,6.641670227000134],[125.38465881300021,6.641600133000168],[125.38440704300012,6.641560079000044],[125.38410949700005,6.641449929000032],[125.38378143400018,6.641200065000135],[125.38345336800035,6.640810014000067],[125.38313293500005,6.640419961000077],[125.38279724000006,6.640160084000115],[125.38246917700019,6.639840126000138],[125.38220214900014,6.63938999200019],[125.38210296700004,6.639190198000165],[125.38194275000023,6.640570165000042],[125.38166809000006,6.643559933000176],[125.37670898500005,6.646039964000124],[125.3745574940001,6.644690038000135],[125.37438201800012,6.644780160000153],[125.37407684400011,6.644249915000046],[125.37371063200021,6.643630028000189],[125.37339019700005,6.643089771000177],[125.37306976400009,6.642549993000102],[125.37274169900002,6.642370224000047],[125.37256622300004,6.642280103000132],[125.37130737400014,6.644050121000021]]]]},"properties":{"municipality":"Padada","barangay":"Punta Piape"}},{"type":"Feature","geometry":{"type":"MultiPolygon","coordinates":[[[[125.31725311300022,6.65902996],[125.31738281200023,6.65822982800006],[125.31598663400018,6.652880192000111],[125.3098220830002,6.65299987800006],[125.31017303400017,6.656569958000034],[125.31018829300012,6.658810140000128],[125.31725311300022,6.65902996]]]]},"properties":{"municipality":"Padada","barangay":"Quirino District"}},{"type":"Feature","geometry":{"type":"MultiPolygon","coordinates":[[[[125.35582733100011,6.672749996000107],[125.35756683300019,6.672719956000151],[125.36284637500034,6.67216014800016],[125.371147156,6.67195987600013],[125.3807296760001,6.67183017800005],[125.38307952800017,6.671649934000072],[125.38398742600009,6.672339916000112],[125.3833313,6.669720174000076],[125.38305664000006,6.669439793000095],[125.38276672400002,6.669439793000095],[125.38221740800009,6.668890000000147],[125.38194275000023,6.668890000000147],[125.38166809000006,6.668610097000169],[125.38166809000006,6.668330193000088],[125.3813934320001,6.668059826000047],[125.3813934320001,6.667500020000091],[125.38117218100001,6.66729021000009],[125.38117218100001,6.66506004300004],[125.38069152900005,6.662700177000033],[125.38083648600002,6.66138982800004],[125.38083648600002,6.660649776000128],[125.3796691890002,6.661540033000165],[125.3795471200001,6.661610125999971],[125.37660980200008,6.663440227000137],[125.37325286800012,6.663680076],[125.37135314900002,6.663819790000048],[125.37056732200017,6.663919927000052],[125.36673736500006,6.66353988700007],[125.36618804900013,6.66343021400013],[125.36293792700008,6.662809850000144],[125.36004638600002,6.66248989200011],[125.35880279600019,6.66278982100016],[125.35851287900005,6.662849904000097],[125.3568267830002,6.663249970000152],[125.35797882200006,6.667099953000104],[125.35758972100007,6.667990208000106],[125.35701751700003,6.669060230000184],[125.35582733100011,6.672749996000107]]]]},"properties":{"municipality":"Padada","barangay":"San Isidro"}},{"type":"Feature","geometry":{"type":"MultiPolygon","coordinates":[[[[125.33247375400003,6.657849790000057],[125.32740783700001,6.659249783000178],[125.32673645000034,6.664350032000186],[125.34497070300017,6.667920112],[125.34568786600005,6.667079925000053],[125.34716034000007,6.667510033000099],[125.34735870400027,6.668519975000152],[125.35030365000023,6.668799878000129],[125.35701751700003,6.669060230000184],[125.35758972100007,6.667990208000106],[125.35797882200006,6.667099953000104],[125.35453033500005,6.664790153000126],[125.35086059600008,6.663020135000011],[125.33247375400003,6.657849790000057]]]]},"properties":{"municipality":"Padada","barangay":"Southern Paligue"}},{"type":"Feature","geometry":{"type":"MultiPolygon","coordinates":[[[[125.28891754100016,6.662640094000096],[125.29714202900016,6.662710190000041],[125.29765319800003,6.664539814000079],[125.30140686100003,6.664589883000076],[125.3021926880001,6.659009934000153],[125.30152893200011,6.656410217000087],[125.30075836100002,6.655489922000015],[125.29966735900018,6.654739857000038],[125.29812622000009,6.65453004900013],[125.29649353100012,6.654170036999972],[125.29559326100002,6.653659821000076],[125.29412078900009,6.652639866000129],[125.29319763200021,6.651380062000158],[125.29180908200021,6.650300026000139],[125.29051208500016,6.649250032000111],[125.28955078100012,6.646120073000077],[125.28523254300012,6.647439957000188],[125.28511047300015,6.647427082000092],[125.28472900400004,6.65466976100015],[125.28558349700018,6.660940170000174],[125.28816986100014,6.661109925000062],[125.28891754100016,6.662640094000096]]]]},"properties":{"municipality":"Padada","barangay":"Tulogan"}},{"type":"Feature","geometry":{"type":"MultiPolygon","coordinates":[[[[125.33209991400008,6.656129837000151],[125.33247375400003,6.657849790000057],[125.35086059600008,6.663020135000011],[125.35061645500025,6.66038990100003],[125.35082244900025,6.65520000600003],[125.35045623700012,6.651649952000128],[125.35336303800023,6.651529789000051],[125.35426330500002,6.650370122000083],[125.35414123500004,6.64619016600011],[125.35008239700016,6.646349906000182],[125.34934997500011,6.648049831000037],[125.34779358000003,6.647510053000133],[125.34314727700007,6.648739815000113],[125.33586883600015,6.64839983000013],[125.32607269200014,6.647039891000134],[125.32421112000009,6.651780128000041],[125.33170318600003,6.65380001],[125.33209991400008,6.656129837000151]]]]},"properties":{"municipality":"Padada","barangay":"Upper Limonzo"}},{"type":"Feature","geometry":{"type":"MultiPolygon","coordinates":[[[[125.22148132300003,6.658949852000148],[125.21808624200003,6.663030148000075],[125.21647644100017,6.665390016000117],[125.21233368000014,6.669280053000023],[125.22368621900023,6.668630123000071],[125.23181915300006,6.669519902000047],[125.2356796260002,6.66911983500006],[125.2405090330002,6.669149877000052],[125.24205017000008,6.66038990100003],[125.23901367200017,6.655889988000126],[125.23190307700008,6.657599925999989],[125.227310181,6.658710003000124],[125.22148132300003,6.658949852000148]]]]},"properties":{"municipality":"Padada","barangay":"Upper Malinao"}},{"type":"Feature","geometry":{"type":"MultiPolygon","coordinates":[[[[125.44116444600002,6.940773548000095],[125.44699099900004,6.93808000100006],[125.45375100100023,6.934729999000183],[125.45684480700004,6.933541073000072],[125.460907,6.931979999000021],[125.46189349200006,6.931573812000067],[125.4648900000002,6.930340000000115],[125.4670870000001,6.928430001000095],[125.46828280300019,6.927218826000171],[125.46903221900004,6.926459858000101],[125.471764,6.924700000000144],[125.47643919700022,6.924023765000072],[125.47736358600002,6.923890114000073],[125.47828674200002,6.924320221000073],[125.4803810520001,6.924731719000022],[125.48194900100009,6.92504],[125.48349000100006,6.92509],[125.483936201,6.925645950000046],[125.485039,6.92702],[125.48500100000012,6.92805],[125.48541299900012,6.928670001000057],[125.48616800100012,6.929809999000099],[125.48656241700007,6.930522173000043],[125.487907,6.932949999000186],[125.48795300100005,6.93305],[125.4879666500002,6.933077804000163],[125.48800695000011,6.933159899000145],[125.48860817200011,6.933097614000019],[125.4890670010002,6.93305],[125.48921545500002,6.932869837000112],[125.48927299900015,6.932799999],[125.48960882600011,6.932320254000047],[125.48943300000019,6.931919999000058],[125.48921199900008,6.93149],[125.489082,6.93106],[125.48892200000012,6.93065],[125.48889200000019,6.930229999000176],[125.48887599900002,6.929820001],[125.48889200000019,6.929410000000132],[125.48889200000019,6.928990000000169],[125.48889200000019,6.92854],[125.48889200000019,6.92805],[125.48887599900002,6.927560001000074],[125.48889200000019,6.92709],[125.48893,6.92667],[125.48912800100004,6.926320001000136],[125.489227,6.92597],[125.48938799900009,6.925690001000078],[125.48946400000023,6.925379998999972],[125.48960099900012,6.92512],[125.48972299900004,6.92486],[125.489861,6.924580000000162],[125.4900130000002,6.924240001000157],[125.490158,6.923850001000062],[125.49025700000016,6.9234],[125.49028,6.92292],[125.49028,6.92244],[125.49028,6.921990000000108],[125.49025700000016,6.92159],[125.49014299900023,6.92126],[125.489983,6.920990000000131],[125.48977700000023,6.920750000000169],[125.489616,6.920450000000187],[125.48941799900024,6.920129999000096],[125.489143,6.919810001000087],[125.488899,6.91948],[125.48867800100015,6.91913],[125.48848699900009,6.91878000100013],[125.48824299900002,6.918499999000062],[125.4880369990002,6.918160000000114],[125.48783100100002,6.917830000000151],[125.48760999900003,6.91750999900006],[125.487328,6.9172200000001],[125.48700699900007,6.91693],[125.48665600100003,6.91662],[125.48629800000015,6.916310001000056],[125.48587800000018,6.915999999000178],[125.48549699900002,6.91562],[125.48513799900002,6.915250001000118],[125.4848399990002,6.91484],[125.48457300100029,6.914450000000102],[125.48433700000021,6.91406000000012],[125.484161,6.913649999000029],[125.484047,6.91358],[125.483887,6.913330000000144],[125.483414,6.91313],[125.48309300100004,6.912900000999969],[125.48238400000014,6.912690001000044],[125.48236800100028,6.911950000000161],[125.4823609990001,6.911599999000089],[125.48222400100008,6.911390001000086],[125.48194099900013,6.911110000000122],[125.48139200000026,6.911110000000122],[125.48111,6.91083],[125.4808269990001,6.91083],[125.4805219990003,6.910689999000112],[125.480026,6.910530000000108],[125.479584,6.910280001000103],[125.47914900000012,6.909999999000036],[125.47869100100002,6.90972],[125.47820299900013,6.90941000000015],[125.477707,6.908999999000059],[125.47757700100021,6.908890001000032],[125.47715800100002,6.908609999000134],[125.47659300000021,6.908230001000106],[125.476387,6.90806],[125.475563,6.907220000000166],[125.475563,6.90694],[125.47528099900012,6.906670000000133],[125.47528099900012,6.906109999000023],[125.474998,6.90583],[125.474998,6.90528],[125.4738919990001,6.90417],[125.47361000000012,6.90417],[125.47361000000012,6.903890000000104],[125.47334300000011,6.903890000000104],[125.4727779990003,6.903330000000153],[125.4725039990002,6.903330000000153],[125.4722210000001,6.903059999000106],[125.47202299900005,6.903059999000106],[125.47194700000023,6.903059999000106],[125.47165699900006,6.902780000000121],[125.47138999900005,6.902780000000121],[125.47110700000019,6.902500001000135],[125.470833,6.902500001000135],[125.4702840000001,6.90194],[125.47000099900004,6.90194],[125.469719,6.901670000000138],[125.46943700100007,6.901670000000138],[125.46917,6.90139],[125.46888699900023,6.90139],[125.46861299900013,6.901110001000063],[125.468063,6.901110001000063],[125.46778100000029,6.900829999000166],[125.46762800100021,6.900700000000143],[125.4671780000001,6.900499999000033],[125.46675100100003,6.900319999000089],[125.466309,6.90028],[125.4658740010002,6.90028],[125.46544599900005,6.90034],[125.46510300000023,6.900499999000033],[125.464706,6.90055000000018],[125.46436299900006,6.900559999000052],[125.46399699900007,6.900600001000157],[125.46363799900007,6.900760000000162],[125.46328000100016,6.900750001000119],[125.46291399900008,6.900570001000119],[125.46250900000018,6.90043],[125.462082,6.90025],[125.461662,6.899989999000127],[125.46121200000016,6.899670000000185],[125.46074700100019,6.899259999000094],[125.460213,6.898910001000104],[125.459641,6.898599999000055],[125.459106,6.898269999000092],[125.45860299900005,6.897960000000126],[125.45813,6.89768],[125.45773300100018,6.897329999000135],[125.457329,6.897040001000107],[125.45700099900034,6.896710001000145],[125.45671800000014,6.896339999000077],[125.45648200000016,6.89593],[125.45625300100028,6.895530001000054],[125.4560620000002,6.895099998999967],[125.45596300000022,6.894870001000129],[125.45585599900016,6.894733],[125.45575714100028,6.894700051000143],[125.45408630300005,6.896540165000147],[125.4526559840001,6.898099841000032],[125.45113372700018,6.899759770000173],[125.4480704260003,6.900515358000177],[125.44728088400018,6.90071010500003],[125.44477844200003,6.902299882000023],[125.44346618600002,6.903500081000118],[125.44296130900011,6.903962013000125],[125.4421768200001,6.90467977600008],[125.4386367850002,6.907340047000048],[125.43857207400026,6.907353022000109],[125.437241,6.907620001000112],[125.43347200000017,6.908380001000126],[125.4307181070003,6.909236986000053],[125.42678832900003,6.910459995000053],[125.42541646200016,6.911160391000124],[125.42298889100027,6.912399768000057],[125.41903686600006,6.915689945000111],[125.42179870500001,6.919109822000166],[125.42838287400014,6.927790164000044],[125.42963852900016,6.92914723500013],[125.43203700100003,6.931739999000058],[125.434677,6.93562],[125.43620300100008,6.93991],[125.43642400000022,6.942965],[125.44116444600002,6.940773548000095]]],[[[125.4363098770001,6.943019077000031],[125.43639800000017,6.942977000000155],[125.43642400000022,6.942965],[125.4363010000003,6.942943000000184],[125.43605004200015,6.942896977000032],[125.43601200000023,6.94289],[125.43608600000027,6.942928],[125.43628681100006,6.943029904000127],[125.4363098770001,6.943019077000031]]]]},"properties":{"municipality":"Santa Cruz","barangay":"Astorga"}},{"type":"Feature","geometry":{"type":"MultiPolygon","coordinates":[[[[125.39607200000012,6.785680000000184],[125.395653,6.78574],[125.39541600000018,6.785749999000188],[125.39526400000022,6.785940001000142],[125.39511100000016,6.78628],[125.39508799900011,6.78668000000016],[125.3953090010001,6.787030001000062],[125.395683,6.78713999900009],[125.39604900000018,6.7869700010001],[125.39630099900012,6.786599999000032],[125.39642300100013,6.786160000000109],[125.3963470000001,6.78581],[125.39607200000012,6.785680000000184]]],[[[125.37636881300011,6.783101263000049],[125.37603,6.78349],[125.37236785900018,6.787690164000082],[125.36753082200005,6.795810222000114],[125.36721762000013,6.796334675000082],[125.36511201300004,6.799859978000143],[125.36524818500015,6.800319695000098],[125.365349,6.800660000000107],[125.36757700000021,6.802580000000148],[125.368279,6.802990000000136],[125.368462,6.8031],[125.36890141900005,6.803359104000151],[125.36929321200023,6.803589822000049],[125.37000274600018,6.803919792000158],[125.37007904100017,6.803959846999987],[125.3710631240001,6.80440993000002],[125.376106262,6.80156993900016],[125.3796234140002,6.797760011000037],[125.3813800470001,6.79626771300002],[125.38181304900024,6.795899869000152],[125.38305664000006,6.795670033000135],[125.38320159900002,6.795639992000076],[125.38354107500004,6.79557531200004],[125.3844600000001,6.7954],[125.386452,6.79536000000013],[125.38748969600022,6.79571543100019],[125.38899217100004,6.79622979200019],[125.389107,6.796090000000163],[125.389687,6.79486],[125.389938,6.79439],[125.39026600000022,6.794170000000122],[125.390556,6.794170000000122],[125.391388,6.794310000000166],[125.391937,6.79444],[125.39270000000033,6.79368],[125.392776,6.793610000000115],[125.392776,6.79333],[125.39250200000015,6.79306],[125.39250200000015,6.79278],[125.39222,6.792500000000132],[125.39222,6.79222],[125.391937,6.791940000000181],[125.391937,6.79056],[125.3916700000002,6.790280000000109],[125.3916700000002,6.78944],[125.391388,6.789170000000126],[125.391388,6.787500000000136],[125.39145700000017,6.78743],[125.3916700000002,6.78722],[125.39140300000031,6.78696],[125.39111300000013,6.78667],[125.39111300000013,6.786390000000154],[125.390831,6.78611],[125.390831,6.785830000000146],[125.390556,6.78556],[125.390556,6.78389],[125.3907780000003,6.78345],[125.390953,6.78308],[125.39119700000015,6.78257],[125.391411,6.78207],[125.39137300000016,6.78152],[125.39109800000017,6.78112],[125.390556,6.78056],[125.390472,6.78056],[125.39026600000022,6.78056],[125.3899990000001,6.780280000000118],[125.38971700000013,6.780280000000118],[125.38889300000017,6.77944],[125.388611,6.77944],[125.38834400000019,6.779170000000136],[125.38745900000015,6.779170000000136],[125.38723754800014,6.779223920000163],[125.37774658100022,6.781519890000084],[125.37636881300011,6.783101263000049]]]]},"properties":{"municipality":"Santa Cruz","barangay":"Bato"}},{"type":"Feature","geometry":{"type":"MultiPolygon","coordinates":[[[[125.41903686600006,6.915689945000111],[125.42298889100027,6.912399768000057],[125.42541646200016,6.911160391000124],[125.42678832900003,6.910459995000053],[125.4307181070003,6.909236986000053],[125.43347200000017,6.908380001000126],[125.437241,6.907620001000112],[125.43857207400026,6.907353022000109],[125.4386367850002,6.907340047000048],[125.4421768200001,6.90467977600008],[125.44296130900011,6.903962013000125],[125.44346618600002,6.903500081000118],[125.44477844200003,6.902299882000023],[125.44728088400018,6.90071010500003],[125.4480704260003,6.900515358000177],[125.45113372700018,6.899759770000173],[125.4526559840001,6.898099841000032],[125.45408630300005,6.896540165000147],[125.45575714100028,6.894700051000143],[125.45585599900016,6.894733],[125.45580291800024,6.894179822000126],[125.45570373600003,6.893889903000058],[125.45562744100005,6.89365005500008],[125.4555664070001,6.893060207000133],[125.4556121820001,6.892580032000126],[125.45559692400013,6.892469884000093],[125.45581054600018,6.891930104000153],[125.45596313600004,6.891389846000038],[125.45609283500016,6.890870094000036],[125.45610809300001,6.890329839000174],[125.4561233510002,6.8898201],[125.45610809300001,6.889359951000074],[125.45610809300001,6.888929842999971],[125.45610809300001,6.887030124000091],[125.45610809300001,6.886499882000123],[125.45610809300001,6.885990143000129],[125.45610809300001,6.885509968000122],[125.45613861200013,6.885069847000182],[125.4562835690001,6.884699822000016],[125.45642852800017,6.884329795000042],[125.45664978100024,6.883999825000103],[125.45671844400033,6.883609771000181],[125.45678711000016,6.883130074000178],[125.45691680800007,6.882750034000026],[125.45744323800011,6.881569863000152],[125.45731353700012,6.881169797000098],[125.45716858000014,6.880750180000064],[125.4569473270002,6.880459786000017],[125.45675659100004,6.880189896000104],[125.45667266900023,6.87987995200001],[125.45659637500012,6.879570007000041],[125.45642852800017,6.879290104000063],[125.45629882900016,6.87894010500014],[125.45610809300001,6.878560067000137],[125.45590972900015,6.878089905000138],[125.4556884760002,6.877590179000038],[125.45548248300008,6.877329827000153],[125.45527648900008,6.87688016900006],[125.45513916000004,6.876530170000137],[125.45472717300015,6.876120090000143],[125.45361328100023,6.874450207000109],[125.45361328100023,6.874169827000173],[125.45346069400011,6.873730183000021],[125.45333862300004,6.873229980000133],[125.45323181100002,6.872700215000066],[125.45304107700008,6.872220040000059],[125.45279693500015,6.871789932000183],[125.45260620100021,6.871329784000125],[125.45233154300001,6.870880127000135],[125.45189666800002,6.870500087000096],[125.45171356200012,6.870019912000089],[125.45130157500023,6.869569778000141],[125.4511413580002,6.869319917000155],[125.4507293710003,6.869190216000163],[125.45031738400007,6.869170190000148],[125.45023346000005,6.869170190000148],[125.44992065500003,6.869170190000148],[125.44953918500005,6.869130135000091],[125.4491882330002,6.868949890000181],[125.44882965200009,6.868850232000113],[125.4485473630001,6.8686699860001],[125.44825744700006,6.868529797000178],[125.448013306,6.868370057000106],[125.44766235400016,6.868299961000162],[125.44732666100015,6.868169785000021],[125.4469528190001,6.868070126000077],[125.44653320400016,6.868050099000072],[125.44606018000025,6.868010045000119],[125.44558715700009,6.867849828000146],[125.44509887700019,6.867829800000038],[125.44463348500005,6.868050099000072],[125.44416809100028,6.868490220000183],[125.44403839200015,6.868730069000037],[125.44352722100018,6.868929863000062],[125.44307708700012,6.868899822000117],[125.4427337640002,6.868780136000169],[125.44246673600014,6.868720054000164],[125.4421768200001,6.868579865000015],[125.44190979000007,6.868440151000186],[125.44161987400003,6.86831998800011],[125.44133758600015,6.868150234000097],[125.44101715100021,6.868030071000021],[125.44072723400006,6.867849828000146],[125.44037628100011,6.867750168000043],[125.4400634760002,6.867559909000022],[125.43969726600028,6.867330074000108],[125.43930053800011,6.867070199000182],[125.4389572140002,6.866730213000096],[125.4386520400003,6.866320134000034],[125.43840026800012,6.86591005400004],[125.43817901500017,6.865550042000109],[125.4380035400003,6.865240098000186],[125.43781280500002,6.864990234000118],[125.4375686640002,6.864689827000063],[125.43728637600009,6.864359857000125],[125.43728637600009,6.863729955000053],[125.43763733000003,6.863309860000186],[125.43763733000003,6.862619878000089],[125.43704223700013,6.861830236000173],[125.43640136700003,6.86051988700018],[125.43628692600021,6.860300064],[125.43599701000005,6.860089779000134],[125.43582916300011,6.859960080000121],[125.43541717600021,6.859720230000164],[125.43502044700017,6.859459877000063],[125.43462371800013,6.859169961000021],[125.43424987800006,6.858890058000043],[125.43388366700003,6.858630181000137],[125.43345642100007,6.858469963],[125.43300628800023,6.858320236000168],[125.43251800500002,6.858099938000066],[125.43196868900009,6.857920170000114],[125.43147277800017,6.857669831000067],[125.43129730300006,6.857520104000059],[125.43079376200012,6.857759953000084],[125.43045044000007,6.857930183000121],[125.42929077100018,6.858479976000069],[125.42922210800009,6.858449937000159],[125.4268798830002,6.859980107000126],[125.4252395640001,6.862209796000116],[125.42431640600012,6.864170075000061],[125.42381286700004,6.866549969000118],[125.42288208100001,6.867879867000056],[125.42265319800015,6.868420125000171],[125.42239379800003,6.868999959000178],[125.4202728260002,6.873849868999969],[125.41985321100003,6.874639988000069],[125.41725921700015,6.87798023300013],[125.41571807800005,6.880199909000112],[125.41471862800017,6.882299900000078],[125.413780212,6.885079860000019],[125.41300201500019,6.885379792000151],[125.41290283300009,6.885419846000104],[125.4113082890002,6.88601017100018],[125.40949249300002,6.886459827000067],[125.40886688200021,6.886620045000029],[125.40751647900015,6.888209820000043],[125.40688323900031,6.889719963000175],[125.40679931700015,6.890460015000144],[125.40673065200008,6.891079904000151],[125.40698242100018,6.893260002999966],[125.40718841500018,6.894219876000079],[125.40753936700003,6.895830154000123],[125.40814971800023,6.897880078000071],[125.4088134770002,6.90057992900006],[125.40898132400014,6.901400090000152],[125.409309387,6.902870179000047],[125.40985870300017,6.905089855000028],[125.40895080600023,6.905930041999966],[125.40760040200007,6.911540032000175],[125.40525055000012,6.913569928000072],[125.40207672100018,6.91625022900007],[125.4027481070001,6.916470051000147],[125.41383361900023,6.916210174000071],[125.4157791130001,6.916019917000028],[125.41903686600006,6.915689945000111]]]]},"properties":{"municipality":"Santa Cruz","barangay":"Coronon"}},{"type":"Feature","geometry":{"type":"MultiPolygon","coordinates":[[[[125.43668365500025,6.968349935000163],[125.4383163440001,6.968389989000059],[125.43830108600002,6.968019962000085],[125.43766021800013,6.964240075000077],[125.43833923300008,6.962100029000112],[125.43859100400005,6.962170125000057],[125.44403839200015,6.961860180000087],[125.44613647500012,6.961579800000152],[125.44962310900007,6.95979023100017],[125.45152282800018,6.95852995000007],[125.45372009300013,6.95790004800017],[125.45693969700005,6.95640993000012],[125.46069336000005,6.955039978000116],[125.46098327600009,6.953700066000124],[125.46230316100014,6.951650142000119],[125.46440887400001,6.949969768000187],[125.46723938000002,6.948560238000084],[125.47071075500014,6.946420192000119],[125.47328186000016,6.946259975000089],[125.47532653800022,6.945930004000047],[125.48061370900007,6.944169999],[125.48880005,6.94012022000004],[125.48941802900003,6.939819813000156],[125.48944854800004,6.939430237000067],[125.48944854800004,6.938960075000068],[125.48944091700002,6.938529968000125],[125.48944091700002,6.938109875000066],[125.48947143600014,6.937709809000182],[125.48959350700022,6.937339784000017],[125.48970794700006,6.936970234000171],[125.4897689820001,6.936580181000181],[125.48993682800005,6.936240197000075],[125.49004364000007,6.93584013100002],[125.49024200500003,6.935490132000098],[125.49030304000007,6.935019970000099],[125.49050140400027,6.934720039000069],[125.49035644500009,6.934309960000178],[125.49041748000025,6.933879852000132],[125.49035644500009,6.933320046000176],[125.48999023500016,6.932849884000177],[125.48964691200013,6.932400227000187],[125.48960882600011,6.932320254000047],[125.48927299900015,6.932799999],[125.48921545500002,6.932869837000112],[125.4890670010002,6.93305],[125.48860817200011,6.933097614000019],[125.48800695000011,6.933159899000145],[125.4879666500002,6.933077804000163],[125.48795300100005,6.93305],[125.487907,6.932949999000186],[125.48656241700007,6.930522173000043],[125.48616800100012,6.929809999000099],[125.48541299900012,6.928670001000057],[125.48500100000012,6.92805],[125.485039,6.92702],[125.483936201,6.925645950000046],[125.48349000100006,6.92509],[125.48194900100009,6.92504],[125.4803810520001,6.924731719000022],[125.47828674200002,6.924320221000073],[125.47736358600002,6.923890114000073],[125.47643919700022,6.924023765000072],[125.471764,6.924700000000144],[125.46903221900004,6.926459858000101],[125.46828280300019,6.927218826000171],[125.4670870000001,6.928430001000095],[125.4648900000002,6.930340000000115],[125.46189349200006,6.931573812000067],[125.460907,6.931979999000021],[125.45684480700004,6.933541073000072],[125.45375100100023,6.934729999000183],[125.44699099900004,6.93808000100006],[125.44116444600002,6.940773548000095],[125.43642400000022,6.942965],[125.43639800000017,6.942977000000155],[125.4363098770001,6.943019077000031],[125.43628681100006,6.943029904000127],[125.43475341700002,6.944960118000097],[125.4328231820001,6.946129799000175],[125.4308929440001,6.947299958000087],[125.42716217100008,6.949210168000036],[125.42626190200008,6.949669839000137],[125.41873931900022,6.954450131000101],[125.4181213380001,6.955249786000081],[125.41747284000019,6.957129956000017],[125.41747284000019,6.959720135000055],[125.41916656400008,6.959280015000047],[125.4213333130001,6.95861005800009],[125.42347717400014,6.960100173000058],[125.42536926200012,6.961559772000101],[125.42680358900009,6.963709832000177],[125.43668365500025,6.968349935000163]]]]},"properties":{"municipality":"Santa Cruz","barangay":"Darong"}},{"type":"Feature","geometry":{"type":"MultiPolygon","coordinates":[[[[125.46292877200005,6.96931982000018],[125.47158050500002,6.969719887000167],[125.47293090900018,6.969779969000172],[125.47329711800035,6.969799995000017],[125.48326110800019,6.968999863000079],[125.48335266200013,6.968989850000071],[125.48346710200019,6.968979837000063],[125.48471832300004,6.968949795000015],[125.48471069300001,6.968830110000169],[125.48444366500007,6.968609810000089],[125.48473358200022,6.968329906000179],[125.48473358200022,6.966110230000027],[125.48444366500007,6.965829849000158],[125.48444366500007,6.965559959000075],[125.48416900500013,6.965280056000097],[125.48423767100007,6.96441984300003],[125.48416137700019,6.963799954000024],[125.48413085900017,6.963580131000185],[125.48416900500013,6.962779999000077],[125.4843978880001,6.96255016300006],[125.48444366500007,6.962289811000176],[125.48444366500007,6.961669922000169],[125.48464203000003,6.961259842000175],[125.48471069300001,6.96111011500011],[125.48497009300013,6.960559845000034],[125.48509979200014,6.96005010600004],[125.48523712300005,6.959539890000144],[125.48528289800015,6.958960057000183],[125.48528289800015,6.958340168000177],[125.485252381,6.957719803999964],[125.48518371500006,6.957109928000136],[125.48526000900029,6.95649003900013],[125.4853210440001,6.955870152000045],[125.48551178000025,6.95527982699997],[125.48551178000025,6.954659938000134],[125.48532867400002,6.954070091000062],[125.48528289800015,6.953470230000107],[125.48528289800015,6.952849866000122],[125.48531341600005,6.952219964000051],[125.48547363400007,6.95159006200015],[125.48558807400002,6.950950147000015],[125.48583221300021,6.950379848000182],[125.48606872600033,6.94986009600018],[125.4862213140002,6.949339867000049],[125.48639679000007,6.948860169000113],[125.48638915900028,6.948609830000123],[125.4866561890002,6.948329926000042],[125.4866561890002,6.948060036000072],[125.4868316650003,6.947889806000035],[125.48695373600003,6.947780133000094],[125.48695373600003,6.947509766000053],[125.48722076300021,6.947219849000135],[125.48722076300021,6.946939946000157],[125.48750305200019,6.946670056000187],[125.48750305200019,6.946109772],[125.48777770900006,6.945829869000022],[125.48777770900006,6.945559979000109],[125.48805236700002,6.945280076000131],[125.48805236700002,6.944719792000114],[125.48832702700008,6.944439889000137],[125.48832702700008,6.943789959000185],[125.4883804320001,6.943329812000059],[125.48857879700006,6.942890166999973],[125.48872375400026,6.942399979000129],[125.48889160200008,6.941939832000173],[125.48905944900002,6.94148016000014],[125.48918914800004,6.940959931000179],[125.48935699600008,6.940460205000022],[125.48943328900009,6.939929963000054],[125.48941802900003,6.939819813000156],[125.48880005,6.94012022000004],[125.48061370900007,6.944169999],[125.47532653800022,6.945930004000047],[125.47328186000016,6.946259975000089],[125.47071075500014,6.946420192000119],[125.46723938000002,6.948560238000084],[125.46440887400001,6.949969768000187],[125.46230316100014,6.951650142000119],[125.46098327600009,6.953700066000124],[125.46069336000005,6.955039978000116],[125.45693969700005,6.95640993000012],[125.45372009300013,6.95790004800017],[125.45152282800018,6.95852995000007],[125.44962310900007,6.95979023100017],[125.44613647500012,6.961579800000152],[125.44403839200015,6.961860180000087],[125.43859100400005,6.962170125000057],[125.43833923300008,6.962100029000112],[125.43766021800013,6.964240075000077],[125.43830108600002,6.968019962000085],[125.4383163440001,6.968389989000059],[125.45413971000016,6.968989850000071],[125.46267700300018,6.969309807000172],[125.46292877200005,6.96931982000018]]]]},"properties":{"municipality":"Santa Cruz","barangay":"Inawayan"}},{"type":"Feature","geometry":{"type":"MultiPolygon","coordinates":[[[[125.40583801200012,6.965499879000049],[125.43668365500025,6.968349935000163],[125.42680358900009,6.963709832000177],[125.42536926200012,6.961559772000101],[125.42347717400014,6.960100173000058],[125.4213333130001,6.95861005800009],[125.41916656400008,6.959280015000047],[125.41747284000019,6.959720135000055],[125.41747284000019,6.957129956000017],[125.4181213380001,6.955249786000081],[125.41873931900022,6.954450131000101],[125.42626190200008,6.949669839000137],[125.42716217100008,6.949210168000036],[125.4308929440001,6.947299958000087],[125.4328231820001,6.946129799000175],[125.43475341700002,6.944960118000097],[125.43628681100006,6.943029904000127],[125.43608600000027,6.942928],[125.43601200000023,6.94289],[125.43605004200015,6.942896977000032],[125.4363010000003,6.942943000000184],[125.43642400000022,6.942965],[125.43620300100008,6.93991],[125.434677,6.93562],[125.43203700100003,6.931739999000058],[125.42963852900016,6.92914723500013],[125.42838287400014,6.927790164000044],[125.42179870500001,6.919109822000166],[125.41903686600006,6.915689945000111],[125.4157791130001,6.916019917000028],[125.41383361900023,6.916210174000071],[125.4027481070001,6.916470051000147],[125.40207672100018,6.91625022900007],[125.40067291300022,6.916269779000118],[125.40028381400009,6.918729782000185],[125.39981079200004,6.923329830000114],[125.39935302800018,6.930260182000097],[125.40001678400017,6.939010143000132],[125.40515136700003,6.957570077000128],[125.40583801200012,6.965499879000049]]]]},"properties":{"municipality":"Santa Cruz","barangay":"Jose Rizal"}},{"type":"Feature","geometry":{"type":"MultiPolygon","coordinates":[[[[125.36511201300004,6.799859978000143],[125.34951019300001,6.828450204000148],[125.33592224100005,6.850649834000023],[125.33363342400025,6.855090142000051],[125.34142303400017,6.860219955000048],[125.34456634600019,6.862080097000103],[125.34948730400004,6.84853983000005],[125.35205841000015,6.84348011100019],[125.35339355500003,6.841090202000089],[125.35534667900015,6.83888006300009],[125.35877990700033,6.836219788000164],[125.36070251500007,6.833899975000122],[125.36221313500005,6.832089902],[125.36165618900009,6.8289098730001],[125.36383819600007,6.825150012000108],[125.36414337100007,6.822150230999966],[125.36528778000013,6.819900036000035],[125.36627197300015,6.816410065000014],[125.36630249000007,6.812860011000112],[125.3675918580002,6.809790135000128],[125.36818695000022,6.80823993700011],[125.36971282900004,6.805640220000043],[125.3710631240001,6.80440993000002],[125.37007904100017,6.803959846999987],[125.37000274600018,6.803919792000158],[125.36929321200023,6.803589822000049],[125.36890141900005,6.803359104000151],[125.368462,6.8031],[125.368279,6.802990000000136],[125.36757700000021,6.802580000000148],[125.365349,6.800660000000107],[125.36524818500015,6.800319695000098],[125.36511201300004,6.799859978000143]]]]},"properties":{"municipality":"Santa Cruz","barangay":"Matutungan"}},{"type":"Feature","geometry":{"type":"MultiPolygon","coordinates":[[[[125.36221313500005,6.832089902],[125.36070251500007,6.833899975000122],[125.35877990700033,6.836219788000164],[125.35534667900015,6.83888006300009],[125.35339355500003,6.841090202000089],[125.35205841000015,6.84348011100019],[125.34948730400004,6.84853983000005],[125.34456634600019,6.862080097000103],[125.34805297900004,6.867879867000056],[125.34961700500003,6.870860099000083],[125.35537719800004,6.864069938000171],[125.36047363400007,6.856200219000186],[125.3634567260001,6.849060060000113],[125.36372375400003,6.844140052000171],[125.36202239900001,6.841450216],[125.36398315400004,6.83843994200015],[125.36723300000017,6.834590000000105],[125.36770594600023,6.833040176000168],[125.36221313500005,6.832089902]]]]},"properties":{"municipality":"Santa Cruz","barangay":"Melilia"}},{"type":"Feature","geometry":{"type":"MultiPolygon","coordinates":[[[[125.36723300000017,6.834590000000105],[125.36398315400004,6.83843994200015],[125.36202239900001,6.841450216],[125.36372375400003,6.844140052000171],[125.3634567260001,6.849060060000113],[125.36047363400007,6.856200219000186],[125.35537719800004,6.864069938000171],[125.34961700500003,6.870860099000083],[125.34813690100009,6.875750064999977],[125.34709930500003,6.879290104000063],[125.34458160400004,6.883940219000181],[125.34425353900008,6.885890008000104],[125.36060333300009,6.871190072000104],[125.36363220200008,6.866849899000101],[125.36599731500007,6.860730172000103],[125.3675689690001,6.857749939000144],[125.36937713600025,6.853199959000108],[125.37301635700021,6.848820209000053],[125.37359619100005,6.846769810000183],[125.37391662600032,6.844429970000022],[125.37378692500022,6.842140198000095],[125.37397766200002,6.841330052000046],[125.372818,6.839360000000113],[125.3674090000003,6.83534],[125.36732621900012,6.834987239000043],[125.36723300000017,6.834590000000105]]]]},"properties":{"municipality":"Santa Cruz","barangay":"Saliducon"}},{"type":"Feature","geometry":{"type":"MultiPolygon","coordinates":[[[[125.38612365800009,6.967140198000152],[125.40583801200012,6.965499879000049],[125.40515136700003,6.957570077000128],[125.40001678400017,6.939010143000132],[125.39935302800018,6.930260182000097],[125.39981079200004,6.923329830000114],[125.40028381400009,6.918729782000185],[125.40067291300022,6.916269779000118],[125.38937377800028,6.916880131000141],[125.38021850600023,6.917600154000127],[125.37506103500004,6.918109893000121],[125.37483215400005,6.918250084000078],[125.37812042300004,6.929900170000167],[125.38095092800006,6.939960002000134],[125.38268280000023,6.948050023000064],[125.38559722900004,6.955910207000102],[125.38677978400005,6.962120056000117],[125.38729858400018,6.966340065000111],[125.38707733100011,6.966609956000127],[125.38612365800009,6.967140198000152]]]]},"properties":{"municipality":"Santa Cruz","barangay":"Sibulan"}},{"type":"Feature","geometry":{"type":"MultiPolygon","coordinates":[[[[125.37397766200002,6.841330052000046],[125.37378692500022,6.842140198000095],[125.37391662600032,6.844429970000022],[125.37359619100005,6.846769810000183],[125.37301635700021,6.848820209000053],[125.36937713600025,6.853199959000108],[125.3675689690001,6.857749939000144],[125.36599731500007,6.860730172000103],[125.36363220200008,6.866849899000101],[125.36060333300009,6.871190072000104],[125.34425353900008,6.885890008000104],[125.34464264000007,6.889760017000128],[125.3461608880001,6.903719901000159],[125.34805297900004,6.909090043000049],[125.35697174000006,6.914969921000022],[125.36592865000023,6.91711997900012],[125.36988830500002,6.91778993600019],[125.37233734200004,6.917819977000136],[125.374717712,6.917679788000157],[125.37506103500004,6.918109893000121],[125.38021850600023,6.917600154000127],[125.38937377800028,6.916880131000141],[125.40067291300022,6.916269779000118],[125.37272644100017,6.907780171000013],[125.37185669000007,6.905570030000035],[125.37243652400025,6.898119926],[125.37248229900001,6.891479970000034],[125.36978912300015,6.881639957000061],[125.3697814950001,6.875639915000136],[125.37389373800022,6.872330188000092],[125.37711334100004,6.87082004500013],[125.38198089700006,6.868490220000183],[125.3872070320001,6.864059925000163],[125.38925171000017,6.858850003000043],[125.38980865400003,6.853429795000068],[125.38989257800006,6.850379944000053],[125.38887024000019,6.847129822000113],[125.38935089200004,6.843729973000109],[125.38887024000019,6.841020108000123],[125.39040374700016,6.839139938000187],[125.39408111600005,6.838140011000121],[125.39659881700004,6.837709903000075],[125.39552307100007,6.835889817000123],[125.3956069950001,6.834889888000077],[125.39467620900018,6.832109928000079],[125.39460754400011,6.831389904000048],[125.39354769200031,6.831673966000096],[125.3925170900003,6.831950188000178],[125.39063263600019,6.832680223000125],[125.38774108900009,6.834459781000078],[125.38684082000032,6.835179807000145],[125.38385772700019,6.83554983200014],[125.37593078600003,6.840099812000176],[125.37397766200002,6.841330052000046]]]]},"properties":{"municipality":"Santa Cruz","barangay":"Sinoron"}},{"type":"Feature","geometry":{"type":"MultiPolygon","coordinates":[[[[125.38899217100004,6.79622979200019],[125.38748969600022,6.79571543100019],[125.386452,6.79536000000013],[125.3844600000001,6.7954],[125.38354107500004,6.79557531200004],[125.38320159900002,6.795639992000076],[125.38305664000006,6.795670033000135],[125.38181304900024,6.795899869000152],[125.3813800470001,6.79626771300002],[125.3796234140002,6.797760011000037],[125.376106262,6.80156993900016],[125.3710631240001,6.80440993000002],[125.36971282900004,6.805640220000043],[125.36818695000022,6.80823993700011],[125.3675918580002,6.809790135000128],[125.36630249000007,6.812860011000112],[125.36627197300015,6.816410065000014],[125.36528778000013,6.819900036000035],[125.36414337100007,6.822150230999966],[125.36383819600007,6.825150012000108],[125.36165618900009,6.8289098730001],[125.36221313500005,6.832089902],[125.36770594600023,6.833040176000168],[125.36924700000031,6.831720000000132],[125.37031325200007,6.830651585000112],[125.37171173100023,6.829249859000129],[125.37188245900018,6.828492933000064],[125.37207000000012,6.827660000000151],[125.37261200000023,6.82596000000018],[125.37342800000022,6.82454],[125.37472663100016,6.823289359000114],[125.375214,6.82282],[125.37600945500003,6.822076694000032],[125.37725800000021,6.82091000000014],[125.37768793000009,6.819733302000088],[125.37819700000011,6.81834],[125.37859037400017,6.817474467000181],[125.37890600000014,6.816780000000165],[125.38034800000014,6.812170000000151],[125.38053185500007,6.812140713000133],[125.380912781,6.812079907000054],[125.38426971400008,6.80850982700008],[125.38596044700023,6.80631856500014],[125.386993,6.804980000000114],[125.38684845000023,6.80500984300005],[125.38641357400013,6.805130006000127],[125.38596344100029,6.805250167],[125.38549804700017,6.805280208000113],[125.38507080100032,6.805319785000108],[125.38469696100015,6.80551004400013],[125.38436126800002,6.805540085000189],[125.38406372200006,6.805419922000112],[125.38379669200015,6.80526018200004],[125.38345336800035,6.805439949000061],[125.38304901200013,6.806119920000128],[125.38294983000003,6.806509971000139],[125.38276672400002,6.806670189000101],[125.38221740800009,6.807219982],[125.38221740800009,6.808330059000127],[125.38083648600002,6.809720039000183],[125.3805465700002,6.809720039000183],[125.37999725400005,6.80916977000004],[125.37999725400005,6.808330059000127],[125.37917327800005,6.80749988499997],[125.3780517580002,6.808609962000105],[125.3780517580002,6.80916977000004],[125.37777710000023,6.809440136000035],[125.37695312600022,6.809100152000156],[125.37695312600022,6.808330059000127],[125.37695312600022,6.806940079000015],[125.37722015400016,6.806670189000101],[125.37722015400016,6.806389808000063],[125.37732696600006,6.806260109000107],[125.37745666500007,6.806000231999974],[125.37760925200018,6.805689812000082],[125.37779235800019,6.8053498270001],[125.37801361100014,6.80498981500017],[125.37824249200014,6.804599762000123],[125.37850189100004,6.804230214000086],[125.37875366300011,6.803810120000151],[125.37898254400011,6.803380012000105],[125.37921142700009,6.80300998700011],[125.37944793800023,6.802780151000093],[125.37972259600008,6.802780151000093],[125.37999725400005,6.803060054000071],[125.37999725400005,6.803329945000144],[125.38083648600002,6.804170130999978],[125.3811111460002,6.804170130999978],[125.3813934320001,6.803890228],[125.38191986100003,6.803259849000028],[125.38240814200003,6.80271005600008],[125.38260650600012,6.80208015400018],[125.38310241700003,6.801599979000173],[125.38407135000011,6.801459789000091],[125.38417053200021,6.801080227000114],[125.38417053200021,6.80073022800002],[125.3843231190001,6.800049781000155],[125.38466644300013,6.799280167000063],[125.38507843000002,6.798309804000155],[125.38639831600017,6.797609806000139],[125.38751220600011,6.797339916],[125.38854980500003,6.796780110000043],[125.38899217100004,6.79622979200019]]]]},"properties":{"municipality":"Santa Cruz","barangay":"Tagabuli"}},{"type":"Feature","geometry":{"type":"MultiPolygon","coordinates":[[[[125.29715728700012,6.966229915000042],[125.32407379100005,6.966700077000041],[125.38612365800009,6.967140198000152],[125.38707733100011,6.966609956000127],[125.38729858400018,6.966340065000111],[125.38677978400005,6.962120056000117],[125.38559722900004,6.955910207000102],[125.38268280000023,6.948050023000064],[125.38095092800006,6.939960002000134],[125.37812042300004,6.929900170000167],[125.37483215400005,6.918250084000078],[125.37506103500004,6.918109893000121],[125.374717712,6.917679788000157],[125.37233734200004,6.917819977000136],[125.36988830500002,6.91778993600019],[125.36592865000023,6.91711997900012],[125.35697174000006,6.914969921000022],[125.34805297900004,6.909090043000049],[125.3461608880001,6.903719901000159],[125.34464264000007,6.889760017000128],[125.34425353900008,6.885890008000104],[125.34458160400004,6.883940219000181],[125.34709930500003,6.879290104000063],[125.34813690100009,6.875750064999977],[125.34961700500003,6.870860099000083],[125.34805297900004,6.867879867000056],[125.34456634600019,6.862080097000103],[125.34142303400017,6.860219955000048],[125.33363342400025,6.855090142000051],[125.33152771000016,6.858439922000116],[125.32798767200018,6.862709999],[125.30200195400016,6.915180206000116],[125.29662323000014,6.937170029000129],[125.29715728700012,6.966229915000042]]]]},"properties":{"municipality":"Santa Cruz","barangay":"Tibolo"}},{"type":"Feature","geometry":{"type":"MultiPolygon","coordinates":[[[[125.39460799900007,6.803080000000136],[125.39440200100023,6.803430001000038],[125.39460799900007,6.804119999000136],[125.39502700000014,6.804539999000042],[125.39537000100006,6.8051],[125.3954470000001,6.80537],[125.3957209990001,6.805860000000109],[125.39600400100005,6.806210001000011],[125.39605699900005,6.805929999000114],[125.395927,6.80517],[125.39557599900002,6.804329999000061],[125.394958,6.803290000000118],[125.39460799900007,6.803080000000136]]],[[[125.36723300000017,6.834590000000105],[125.36732621900012,6.834987239000043],[125.3674090000003,6.83534],[125.372818,6.839360000000113],[125.37397766200002,6.841330052000046],[125.37593078600003,6.840099812000176],[125.38385772700019,6.83554983200014],[125.38684082000032,6.835179807000145],[125.38774108900009,6.834459781000078],[125.39063263600019,6.832680223000125],[125.3925170900003,6.831950188000178],[125.39354769200031,6.831673966000096],[125.39460754400011,6.831389904000048],[125.39402449500005,6.828602839999974],[125.39395904600008,6.828289986000016],[125.39389801400034,6.826039942000023],[125.39462300000014,6.823070000000143],[125.39531780300013,6.82193772800008],[125.39597320500002,6.820869924000021],[125.39735896600018,6.819793823000055],[125.398201,6.81914],[125.40088671600006,6.816790248000132],[125.40080300000022,6.81672],[125.39940600000011,6.814910000000168],[125.39836900000012,6.813110000000108],[125.39795700000013,6.812140000000113],[125.3974,6.811930000000189],[125.397331,6.812550000000158],[125.39714800000013,6.813400000000115],[125.396179,6.813330000000178],[125.39584400000024,6.812990000000127],[125.395767,6.812080000000151],[125.395279,6.811670000000163],[125.395279,6.8125],[125.39472200000012,6.81306],[125.39472200000012,6.813330000000178],[125.39389,6.81417],[125.393333,6.81417],[125.392776,6.81361],[125.39305900000022,6.813330000000178],[125.39305900000022,6.81306],[125.393333,6.812780000000146],[125.393333,6.81222],[125.39305900000022,6.811940000000106],[125.39305900000022,6.811670000000163],[125.391388,6.810000000000173],[125.39035,6.81035],[125.388817,6.81035],[125.38855,6.810210000000154],[125.387917,6.80972],[125.3874440000003,6.80931],[125.3874440000003,6.807640000000106],[125.38834400000019,6.80736],[125.388618,6.80715],[125.38868700000012,6.80681],[125.388763,6.80611],[125.38945,6.8059],[125.39048800000012,6.80549],[125.39090700000031,6.80549],[125.39160200000026,6.80618],[125.39160200000026,6.806940000000111],[125.391937,6.807500000000118],[125.391769,6.808130000000176],[125.392189,6.80840000000012],[125.39330300000017,6.80868],[125.39350900000011,6.808540000000164],[125.39357800000016,6.80840000000012],[125.3936460000001,6.80757],[125.39389,6.80722],[125.39444700000013,6.80722],[125.39472200000012,6.806940000000111],[125.394783,6.806460000000186],[125.3949970000001,6.80611],[125.393333,6.80444],[125.393333,6.80417],[125.39222,6.80306],[125.391388,6.80306],[125.39111300000013,6.80278],[125.390556,6.80333],[125.39026600000022,6.80333],[125.389442,6.80417],[125.38916800000015,6.80417],[125.389038,6.804300000000183],[125.38868000000025,6.804450000000145],[125.38832900000034,6.804590000000189],[125.387993,6.8047],[125.38762700000018,6.80476],[125.38728300000014,6.804920000000152],[125.386993,6.804980000000114],[125.38596044700023,6.80631856500014],[125.38426971400008,6.80850982700008],[125.380912781,6.812079907000054],[125.38053185500007,6.812140713000133],[125.38034800000014,6.812170000000151],[125.37890600000014,6.816780000000165],[125.37859037400017,6.817474467000181],[125.37819700000011,6.81834],[125.37768793000009,6.819733302000088],[125.37725800000021,6.82091000000014],[125.37600945500003,6.822076694000032],[125.375214,6.82282],[125.37472663100016,6.823289359000114],[125.37342800000022,6.82454],[125.37261200000023,6.82596000000018],[125.37207000000012,6.827660000000151],[125.37188245900018,6.828492933000064],[125.37171173100023,6.829249859000129],[125.37031325200007,6.830651585000112],[125.36924700000031,6.831720000000132],[125.36770594600023,6.833040176000168],[125.36723300000017,6.834590000000105]]]]},"properties":{"municipality":"Santa Cruz","barangay":"Tuban"}},{"type":"Feature","geometry":{"type":"MultiPolygon","coordinates":[[[[125.40207672100018,6.91625022900007],[125.40525055000012,6.913569928000072],[125.40760040200007,6.911540032000175],[125.40895080600023,6.905930041999966],[125.40985870300017,6.905089855000028],[125.409309387,6.902870179000047],[125.40898132400014,6.901400090000152],[125.4088134770002,6.90057992900006],[125.40814971800023,6.897880078000071],[125.40753936700003,6.895830154000123],[125.40718841500018,6.894219876000079],[125.40698242100018,6.893260002999966],[125.40673065200008,6.891079904000151],[125.40679931700015,6.890460015000144],[125.40688323900031,6.889719963000175],[125.40751647900015,6.888209820000043],[125.40886688200021,6.886620045000029],[125.40949249300002,6.886459827000067],[125.4113082890002,6.88601017100018],[125.41290283300009,6.885419846000104],[125.41300201500019,6.885379792000151],[125.413780212,6.885079860000019],[125.41471862800017,6.882299900000078],[125.41571807800005,6.880199909000112],[125.41725921700015,6.87798023300013],[125.41985321100003,6.874639988000069],[125.4202728260002,6.873849868999969],[125.42239379800003,6.868999959000178],[125.42265319800015,6.868420125000171],[125.42288208100001,6.867879867000056],[125.42381286700004,6.866549969000118],[125.42431640600012,6.864170075000061],[125.4252395640001,6.862209796000116],[125.4268798830002,6.859980107000126],[125.42922210800009,6.858449937000159],[125.42929077100018,6.858479976000069],[125.43045044000007,6.857930183000121],[125.43079376200012,6.857759953000084],[125.43129730300006,6.857520104000059],[125.43106079100005,6.857319831999973],[125.43067169100004,6.857059955000068],[125.43034362800017,6.856870176000086],[125.43007659800026,6.856649876000176],[125.42984008700012,6.856410027000095],[125.4295578010001,6.856219768000074],[125.4292984010001,6.855979919000049],[125.42897796600016,6.855790138000089],[125.42867279000006,6.855549812000106],[125.42833709700017,6.855279924000115],[125.42801666200035,6.854969979000145],[125.42774963400007,6.854559898000048],[125.42748260400003,6.854179860000045],[125.42722320700011,6.853839874000187],[125.42698669300012,6.853529930000093],[125.42680358900009,6.853189946000043],[125.42658996500018,6.85283994700012],[125.42627716000015,6.852519989000143],[125.42587280300017,6.852230073000101],[125.42540740900006,6.851990222000097],[125.42492675700021,6.851850033000119],[125.42455291700003,6.851659774000098],[125.42421722400002,6.851469993000137],[125.42386627200017,6.85137987100012],[125.42350769000018,6.85128021200012],[125.42315673900009,6.851119996000023],[125.4227981570001,6.850979805000065],[125.42247772200017,6.850830078],[125.4222030640002,6.850669860000096],[125.42194366400008,6.850540162000186],[125.42170715300006,6.850339890000157],[125.42146301200023,6.850130082000021],[125.42124176100015,6.849770068000055],[125.42092132600021,6.849440098000116],[125.42059326100014,6.849120140000139],[125.42028808700013,6.848810196000045],[125.42001342900016,6.848519802000169],[125.41977691600005,6.848259925000093],[125.41961670000023,6.847970009000051],[125.41945648300009,6.847710132000145],[125.4193496700002,6.847430229000167],[125.41919708300009,6.847159863000172],[125.41911315900006,6.846839906000071],[125.41896057200017,6.846560002000047],[125.41889190600011,6.846220017000064],[125.41887664800015,6.846139908000112],[125.41885376000005,6.845870018000141],[125.41866302500011,6.845560074000048],[125.41861724900002,6.845220090000169],[125.41844177300015,6.844779969000115],[125.41845703100012,6.844419957000127],[125.41861724900002,6.844089985000039],[125.41874694700016,6.843820095000069],[125.4188385010001,6.843490124000027],[125.41900634700028,6.843289852000169],[125.41911315900006,6.843019962000028],[125.41929626500007,6.842969895000067],[125.41964721700003,6.842679978000149],[125.41861724900002,6.841569901000071],[125.41806030200007,6.840960025000072],[125.41739654600008,6.840579987000069],[125.41648101800001,6.840280055999983],[125.41622161900011,6.840189934000023],[125.41454315200008,6.840079784000125],[125.41063690200008,6.840889932000039],[125.40976715100021,6.84151983400011],[125.40918731700003,6.841949939000074],[125.40627288800022,6.845160007000118],[125.40354919500032,6.854420186000084],[125.40348815900006,6.857230187000141],[125.40294647200028,6.865620136000189],[125.40099334800016,6.876530170000137],[125.39858245900007,6.883379936000097],[125.39546203600025,6.890170099000102],[125.39248657200005,6.896080017999964],[125.39099884000007,6.902080059000014],[125.39674377400013,6.912270069000101],[125.40067291300022,6.916269779000118],[125.40207672100018,6.91625022900007]]]]},"properties":{"municipality":"Santa Cruz","barangay":"Zone I"}},{"type":"Feature","geometry":{"type":"MultiPolygon","coordinates":[[[[125.39659881700004,6.837709903000075],[125.39408111600005,6.838140011000121],[125.39040374700016,6.839139938000187],[125.38887024000019,6.841020108000123],[125.38935089200004,6.843729973000109],[125.38887024000019,6.847129822000113],[125.38989257800006,6.850379944000053],[125.38980865400003,6.853429795000068],[125.38925171000017,6.858850003000043],[125.3872070320001,6.864059925000163],[125.38198089700006,6.868490220000183],[125.37711334100004,6.87082004500013],[125.37389373800022,6.872330188000092],[125.3697814950001,6.875639915000136],[125.36978912300015,6.881639957000061],[125.37248229900001,6.891479970000034],[125.37243652400025,6.898119926],[125.37185669000007,6.905570030000035],[125.37272644100017,6.907780171000013],[125.40067291300022,6.916269779000118],[125.39674377400013,6.912270069000101],[125.39099884000007,6.902080059000014],[125.39248657200005,6.896080017999964],[125.39546203600025,6.890170099000102],[125.39858245900007,6.883379936000097],[125.40099334800016,6.876530170000137],[125.40294647200028,6.865620136000189],[125.40348815900006,6.857230187000141],[125.40354919500032,6.854420186000084],[125.40627288800022,6.845160007000118],[125.40918731700003,6.841949939000074],[125.4089965830002,6.840370178000171],[125.40789794900024,6.83400011100008],[125.40213012600009,6.836870194000142],[125.39919281100015,6.837399961000187],[125.39659881700004,6.837709903000075]]]]},"properties":{"municipality":"Santa Cruz","barangay":"Zone II"}},{"type":"Feature","geometry":{"type":"MultiPolygon","coordinates":[[[[125.40918731700003,6.841949939000074],[125.40976715100021,6.84151983400011],[125.41063690200008,6.840889932000039],[125.41454315200008,6.840079784000125],[125.41622161900011,6.840189934000023],[125.41648101800001,6.840280055999983],[125.41739654600008,6.840579987000069],[125.41806030200007,6.840960025000072],[125.41861724900002,6.841569901000071],[125.41964721700003,6.842679978000149],[125.4197616570001,6.842450143000065],[125.41996002200005,6.842030048000026],[125.42001342900016,6.841839790999984],[125.41998291000016,6.841629982000143],[125.42003631500006,6.841489793000164],[125.42021179300002,6.841390133000118],[125.42048645100022,6.840620042000069],[125.42072296200013,6.840250015000095],[125.42130279500009,6.839930057000117],[125.42160034100016,6.839439869000046],[125.42082977200005,6.838890076000098],[125.4210968020003,6.838280202000078],[125.42166900600023,6.838059902000168],[125.42228698800022,6.83804988900016],[125.4224319450002,6.838329792000138],[125.42256927400013,6.83861017300012],[125.4226379390002,6.839930057000117],[125.42291259700005,6.840139867000062],[125.42326354900013,6.839789868000139],[125.4233322140002,6.839509965000161],[125.42318725500002,6.839169979000076],[125.42318725500002,6.838890076000098],[125.4231262200002,6.83861017300012],[125.4231262200002,6.838329792000138],[125.42223358100011,6.837220192000132],[125.42166900600023,6.837220192000132],[125.421386718,6.837500096000042],[125.42111206000015,6.837500096000042],[125.42028045600011,6.838329792000138],[125.41972351000004,6.838329792000138],[125.41928863500004,6.837979793000045],[125.41896057200017,6.837659836000114],[125.41874694700016,6.837329865000072],[125.41869354200003,6.836969853000141],[125.41874694700016,6.836629867000056],[125.41876983600002,6.836200237000014],[125.41886139000007,6.835830212000076],[125.41903686600006,6.835470200000145],[125.41928863500004,6.835140228000171],[125.41945648300009,6.83475017700016],[125.41944885200007,6.834169865000092],[125.41931152400002,6.833419800000115],[125.41900634700028,6.832749842999988],[125.41860961800023,6.832300187000101],[125.41818237300015,6.832029819000127],[125.41780853300008,6.831789970999978],[125.41742706300022,6.831789970999978],[125.41703033400029,6.83194017500017],[125.41689300500002,6.831989765000174],[125.4166030890002,6.832099915000072],[125.41610717800029,6.832190037000032],[125.41560363700012,6.832190037000032],[125.41513061500007,6.832069874000126],[125.41474151700004,6.831820012000094],[125.4144134520003,6.831439972000055],[125.41409301700003,6.831059934000052],[125.41304016200002,6.831130027000086],[125.41240692200006,6.83057022100013],[125.41200256400032,6.82974004700003],[125.41095733700013,6.828559877000089],[125.41060638300019,6.827789783000128],[125.41043090800031,6.827300073000117],[125.40791320700009,6.831659794000132],[125.40795898400006,6.832419873000049],[125.40789794900024,6.83400011100008],[125.4089965830002,6.840370178000171],[125.40918731700003,6.841949939000074]]]]},"properties":{"municipality":"Santa Cruz","barangay":"Zone III"}},{"type":"Feature","geometry":{"type":"MultiPolygon","coordinates":[[[[125.39460754400011,6.831389904000048],[125.39467620900018,6.832109928000079],[125.3956069950001,6.834889888000077],[125.39552307100007,6.835889817000123],[125.39659881700004,6.837709903000075],[125.39919281100015,6.837399961000187],[125.40213012600009,6.836870194000142],[125.40789794900024,6.83400011100008],[125.40795898400006,6.832419873000049],[125.40791320700009,6.831659794000132],[125.41043090800031,6.827300073000117],[125.4099197390002,6.825920105000137],[125.40978241000016,6.824319840000157],[125.40950012100029,6.823420048000173],[125.40959930400004,6.822080136000125],[125.40928649900002,6.821680068999967],[125.40889740000011,6.821290016000148],[125.40847778300008,6.820919991000153],[125.40795135600001,6.820720197000128],[125.4074325570001,6.820580005000068],[125.40692138800023,6.820559979000052],[125.4065017710002,6.820809841000084],[125.40641784700017,6.820819854000149],[125.4051666260001,6.820400239000151],[125.40309143100012,6.818530082000052],[125.40088671600006,6.816790248000132],[125.398201,6.81914],[125.39735896600018,6.819793823000055],[125.39597320500002,6.820869924000021],[125.39531780300013,6.82193772800008],[125.39462300000014,6.823070000000143],[125.39389801400034,6.826039942000023],[125.39395904600008,6.828289986000016],[125.39402449500005,6.828602839999974],[125.39460754400011,6.831389904000048]]]]},"properties":{"municipality":"Santa Cruz","barangay":"Zone IV"}},{"type":"Feature","geometry":{"type":"MultiPolygon","coordinates":[[[[125.37084961000005,6.630909920000022],[125.37531280400003,6.63049984100013],[125.380912781,6.629630090000035],[125.3813934320001,6.629630090000035],[125.3813934320001,6.629439831000184],[125.3811111460002,6.629169941000043],[125.3811111460002,6.628610135000088],[125.37999725400005,6.628610135000088],[125.37972259600008,6.628890038000065],[125.37917327800005,6.628890038000065],[125.37889099200015,6.629169941000043],[125.37860870400004,6.629169941000043],[125.3780517580002,6.628610135000088],[125.37695312600022,6.628610135000088],[125.37666320800008,6.628330231000177],[125.37555694600019,6.628330231000177],[125.37500000000011,6.627779961000158],[125.37473297200006,6.628059864000136],[125.37444305400004,6.628059864000136],[125.37416839600007,6.627779961000158],[125.37416839600007,6.627220154000099],[125.37333679200015,6.626389981000045],[125.37333679200015,6.626110077000021],[125.37304687500023,6.625830174000043],[125.37304687500023,6.625279904000138],[125.37277984600007,6.62500000100016],[125.37277984600007,6.62416982700006],[125.37222290000034,6.623610020000172],[125.37277984600007,6.623060227000053],[125.37304687500023,6.623060227000053],[125.37304687500023,6.621389866000129],[125.37277984600007,6.621109962999981],[125.37249755800019,6.621109962999981],[125.37222290000034,6.62083006],[125.37194824200003,6.62083006],[125.37167358400006,6.62056017000009],[125.37110901000005,6.62056017000009],[125.37097168100013,6.622200012000064],[125.37085723800033,6.625579835000167],[125.37091064500021,6.626999855000065],[125.370941162,6.62802982300019],[125.3709030150003,6.629459857000029],[125.37084961000005,6.630909920000022]]]]},"properties":{"municipality":"Sulop","barangay":"Balasinon"}},{"type":"Feature","geometry":{"type":"MultiPolygon","coordinates":[[[[125.27236938500005,6.606579780000118],[125.27185058600014,6.608099938000123],[125.27188110300006,6.611169814999982],[125.28011322100019,6.614319802000125],[125.2833480830003,6.613930225000161],[125.28482818700002,6.613480091000042],[125.2872619630001,6.613780022000071],[125.28793335000034,6.612710000000163],[125.28884887800007,6.611969948000024],[125.28865814100004,6.606170178000127],[125.282020568,6.607069970000168],[125.28164672800017,6.607029916000045],[125.27236938500005,6.606579780000118]]]]},"properties":{"municipality":"Sulop","barangay":"Buguis"}},{"type":"Feature","geometry":{"type":"MultiPolygon","coordinates":[[[[125.28865814100004,6.606170178000127],[125.28884887800007,6.611969948000024],[125.28867340200009,6.612299920000169],[125.28884887800007,6.614580155000112],[125.28897857600032,6.616320134000091],[125.28990936200012,6.61578989100019],[125.2915267950001,6.616149903000121],[125.2966690070001,6.615290165000033],[125.29770660500014,6.614319802000125],[125.29810333200021,6.612440110000023],[125.2973632820001,6.606579780000118],[125.2908096320001,6.606589795000104],[125.28865814100004,6.606170178000127]]]]},"properties":{"municipality":"Sulop","barangay":"Carre"}},{"type":"Feature","geometry":{"type":"MultiPolygon","coordinates":[[[[125.27076721300011,6.60292005600013],[125.27236938500005,6.606579780000118],[125.28164672800017,6.607029916000045],[125.282020568,6.607069970000168],[125.28128814600018,6.602109910000081],[125.28117370600012,6.601910114000077],[125.27076721300011,6.60292005600013]]]]},"properties":{"municipality":"Sulop","barangay":"Clib"}},{"type":"Feature","geometry":{"type":"MultiPolygon","coordinates":[[[[125.32775116000028,6.636610032000021],[125.33164978100001,6.635550022000075],[125.33612060500013,6.634409904000051],[125.34311676100003,6.633769989000143],[125.3491134640002,6.632939815000043],[125.34780883800022,6.63066005800016],[125.34510040300006,6.625929832000111],[125.34427642800017,6.623300076000135],[125.34422302200016,6.623099804000049],[125.3435134890002,6.620820045000187],[125.32935333300009,6.618969918000118],[125.3281478890002,6.618810178000047],[125.3245468130001,6.617000103000123],[125.32568359400011,6.62389993700009],[125.32775116000028,6.636610032000021]]]]},"properties":{"municipality":"Sulop","barangay":"Harada Butai"}},{"type":"Feature","geometry":{"type":"MultiPolygon","coordinates":[[[[125.2792663580002,6.646820068000181],[125.28511047300015,6.647427082000092],[125.28523254300012,6.647439957000188],[125.28955078100012,6.646120073000077],[125.2928619380001,6.645209790000138],[125.2959899900003,6.644589901000131],[125.2992630010001,6.643410206000112],[125.3019866940001,6.642789842000127],[125.30754852400025,6.640870094000093],[125.29709625200019,6.63715982500014],[125.29443359400011,6.636469841000064],[125.28981018000002,6.636199951000151],[125.28498077400013,6.643459798000151],[125.2792663580002,6.646820068000181]]]]},"properties":{"municipality":"Sulop","barangay":"Katipunan"}},{"type":"Feature","geometry":{"type":"MultiPolygon","coordinates":[[[[125.32029724100005,6.602680207000105],[125.31610107500012,6.610740185000168],[125.32161712600009,6.60972023000005],[125.3266830450001,6.611219883000047],[125.32642364600008,6.612569808000103],[125.33676910300005,6.611979961000088],[125.33804321300022,6.611450196000021],[125.33943939300002,6.607930183000178],[125.33851623500004,6.604740144000118],[125.33853912400014,6.601329804000045],[125.32427978500004,6.602700233000178],[125.32029724100005,6.602680207000105]]]]},"properties":{"municipality":"Sulop","barangay":"Kiblagon"}},{"type":"Feature","geometry":{"type":"MultiPolygon","coordinates":[[[[125.30613708500027,6.596290113000066],[125.29860687200028,6.596079826000164],[125.29975891100014,6.601069927000083],[125.30029296900011,6.602119923000146],[125.30235290500002,6.602479935000076],[125.30596160900018,6.601640224000107],[125.30684661900023,6.601230144000112],[125.30613708500027,6.596290113000066]]]]},"properties":{"municipality":"Sulop","barangay":"Labon"}},{"type":"Feature","geometry":{"type":"MultiPolygon","coordinates":[[[[125.31610107500012,6.610740185000168],[125.32029724100005,6.602680207000105],[125.31929779000006,6.601960183000074],[125.3136520380001,6.602980136000156],[125.31017303400017,6.602749824999989],[125.30684661900023,6.601230144000112],[125.3071289070001,6.605430125999987],[125.30740356500007,6.609129907000124],[125.30790710500003,6.611830236],[125.31295013400006,6.611609936000093],[125.31610107500012,6.610740185000168]]]]},"properties":{"municipality":"Sulop","barangay":"Laperas"}},{"type":"Feature","geometry":{"type":"MultiPolygon","coordinates":[[[[125.31173706000004,6.595749855000122],[125.30613708500027,6.596290113000066],[125.30684661900023,6.601230144000112],[125.31017303400017,6.602749824999989],[125.3136520380001,6.602980136000156],[125.31929779000006,6.601960183000074],[125.31845092700007,6.600729943000033],[125.31173706000004,6.595749855000122]]]]},"properties":{"municipality":"Sulop","barangay":"Lapla"}},{"type":"Feature","geometry":{"type":"MultiPolygon","coordinates":[[[[125.27221679600007,6.596549988000163],[125.2717132570001,6.599659921000125],[125.27076721300011,6.60292005600013],[125.28117370600012,6.601910114000077],[125.28143310500013,6.598159790000125],[125.28182983400018,6.596069813000099],[125.27496337900004,6.595749855000122],[125.27221679600007,6.596549988000163]]]]},"properties":{"municipality":"Sulop","barangay":"Litos"}},{"type":"Feature","geometry":{"type":"MultiPolygon","coordinates":[[[[125.30684661900023,6.601230144000112],[125.30596160900018,6.601640224000107],[125.30235290500002,6.602479935000076],[125.30029296900011,6.602119923000146],[125.29913330000011,6.604720115000134],[125.2973632820001,6.606579780000118],[125.30522155700021,6.605629921000116],[125.3071289070001,6.605430125999987],[125.30684661900023,6.601230144000112]]]]},"properties":{"municipality":"Sulop","barangay":"Luparan"}},{"type":"Feature","geometry":{"type":"MultiPolygon","coordinates":[[[[125.2973632820001,6.606579780000118],[125.29810333200021,6.612440110000023],[125.29770660500014,6.614319802000125],[125.30071258600003,6.614769936000073],[125.30153656000005,6.614200115000074],[125.30757141000004,6.612949848000085],[125.30790710500003,6.611830236],[125.30740356500007,6.609129907000124],[125.3071289070001,6.605430125999987],[125.30522155700021,6.605629921000116],[125.2973632820001,6.606579780000118]]]]},"properties":{"municipality":"Sulop","barangay":"Mckinley"}},{"type":"Feature","geometry":{"type":"MultiPolygon","coordinates":[[[[125.29770660500014,6.614319802000125],[125.2966690070001,6.615290165000033],[125.2915267950001,6.616149903000121],[125.28990936200012,6.61578989100019],[125.28897857600032,6.616320134000091],[125.28907013000025,6.627759935000086],[125.2911911000001,6.627950191000025],[125.29239654600019,6.627049924000062],[125.29920196500007,6.623270035000189],[125.30538177500011,6.621600151000052],[125.31318664600008,6.621200085000169],[125.3131637570001,6.620759964000058],[125.31215667700008,6.616429806000099],[125.30790710500003,6.611830236],[125.30757141000004,6.612949848000085],[125.30153656000005,6.614200115000074],[125.30071258600003,6.614769936000073],[125.29770660500014,6.614319802000125]]]]},"properties":{"municipality":"Sulop","barangay":"New Cebu"}},{"type":"Feature","geometry":{"type":"MultiPolygon","coordinates":[[[[125.282020568,6.607069970000168],[125.28865814100004,6.606170178000127],[125.28885650600034,6.602819919000126],[125.28117370600012,6.601910114000077],[125.28128814600018,6.602109910000081],[125.282020568,6.607069970000168]]]]},"properties":{"municipality":"Sulop","barangay":"Osmeña"}},{"type":"Feature","geometry":{"type":"MultiPolygon","coordinates":[[[[125.36138153100012,6.597509862000152],[125.35666656500007,6.59638977000003],[125.35175323500016,6.595220090000055],[125.35388183500004,6.60835981300005],[125.34931182800005,6.610119821000183],[125.34848785500003,6.610439778000057],[125.34586334200003,6.610139847000028],[125.33804321300022,6.611450196000021],[125.34278869500008,6.619740009000168],[125.3435134890002,6.620820045000187],[125.34422302200016,6.623099804000049],[125.34427642800017,6.623300076000135],[125.34510040300006,6.625929832000111],[125.34780883800022,6.63066005800016],[125.3491134640002,6.632939815000043],[125.35434722900004,6.632520198000066],[125.35925292900004,6.631599903],[125.36181640700022,6.631659985000169],[125.36434173500027,6.631730081000114],[125.36679077200017,6.631420136000145],[125.37084961000005,6.630909920000022],[125.3709030150003,6.629459857000029],[125.370941162,6.62802982300019],[125.37091064500021,6.626999855000065],[125.37085723800033,6.625579835000167],[125.37097168100013,6.622200012000064],[125.37110901000005,6.62056017000009],[125.37110901000005,6.618889809000166],[125.37027740600013,6.61806011300007],[125.36972046000005,6.61806011300007],[125.36945343000002,6.617780210000092],[125.36945343000002,6.616940023000097],[125.37000274600018,6.616390229000103],[125.37000274600018,6.616109849000168],[125.37027740600013,6.61582994600019],[125.37027740600013,6.614719869000112],[125.3705520640001,6.614439965000031],[125.3705520640001,6.614170075000061],[125.37082672100007,6.613890172000083],[125.37082672100007,6.613609791999977],[125.37110901000005,6.613329888000123],[125.37110901000005,6.613059998000153],[125.3720169070001,6.61199998900014],[125.37207794300002,6.611949921000075],[125.37299346800012,6.611030101000154],[125.37341308500015,6.610199929000032],[125.37341308500015,6.609779835000097],[125.3728637700001,6.609370231000128],[125.37229919500021,6.609499932000119],[125.37223053000014,6.609610082000188],[125.37174224900014,6.610340119000114],[125.37119293100011,6.610750198000176],[125.37077331600017,6.611169814999982],[125.3706283570001,6.611740112],[125.37027740600013,6.611390113000084],[125.3691635140002,6.611390113000084],[125.36860656800013,6.610829831000103],[125.36833191000028,6.610829831000103],[125.36805725200009,6.61055994100019],[125.36723327600032,6.61055994100019],[125.36694336000016,6.610280037999985],[125.3666687020002,6.61055994100019],[125.36611175600012,6.61055994100019],[125.36583709800027,6.610829831000103],[125.36554717900003,6.610829831000103],[125.3652801520002,6.611110210000106],[125.36499786400009,6.611110210000106],[125.36472320600012,6.611390113000084],[125.36416626000005,6.610829831000103],[125.36389160200008,6.610829831000103],[125.36305236700002,6.610000133000028],[125.36305236700002,6.60972023000005],[125.36277771000005,6.609439849000012],[125.36277771000005,6.607500076],[125.36305236700002,6.60722017300003],[125.36305236700002,6.606939792000048],[125.36277771000005,6.606669904000114],[125.36277771000005,6.6063899990001],[125.36250305200008,6.606110096000123],[125.36250305200008,6.60555982700015],[125.3622207630001,6.605279922000022],[125.36138916000016,6.605000019000045],[125.36055755600012,6.604169847000094],[125.36042022700019,6.603889942000137],[125.36000061000004,6.603059770000186],[125.36000061000004,6.602779865000173],[125.35971832300004,6.602499961000149],[125.35971832300004,6.602079869000022],[125.3597335820001,6.601669788000095],[125.3597335820001,6.601389884000184],[125.35944366500019,6.601109981000036],[125.35944366500019,6.600560188000145],[125.3597335820001,6.600279807000106],[125.3597335820001,6.599999904000128],[125.36028289800004,6.599440098000173],[125.36028289800004,6.598609924000073],[125.36055755600012,6.598330021000095],[125.36055755600012,6.598060131000125],[125.36083221300032,6.597780228000147],[125.36110687300015,6.597780228000147],[125.36138153100012,6.597509862000152]]]]},"properties":{"municipality":"Sulop","barangay":"Palili"}},{"type":"Feature","geometry":{"type":"MultiPolygon","coordinates":[[[[125.28883361700014,6.595839977000082],[125.28388214000017,6.595990181000104],[125.28182983400018,6.596069813000099],[125.28143310500013,6.598159790000125],[125.28117370600012,6.601910114000077],[125.28885650600034,6.602819919000126],[125.28883361700014,6.595839977000082]]]]},"properties":{"municipality":"Sulop","barangay":"Parame"}},{"type":"Feature","geometry":{"type":"MultiPolygon","coordinates":[[[[125.35175323500016,6.595220090000055],[125.34593963600014,6.596260071000017],[125.33925628700001,6.596270084000082],[125.33853912400014,6.600900174000174],[125.33853912400014,6.601329804000045],[125.33851623500004,6.604740144000118],[125.33943939300002,6.607930183000178],[125.33804321300022,6.611450196000021],[125.34586334200003,6.610139847000028],[125.34848785500003,6.610439778000057],[125.34931182800005,6.610119821000183],[125.35388183500004,6.60835981300005],[125.35175323500016,6.595220090000055]]]]},"properties":{"municipality":"Sulop","barangay":"Poblacion"}},{"type":"Feature","geometry":{"type":"MultiPolygon","coordinates":[[[[125.26818847700008,6.618209840000134],[125.26821899400022,6.618639945000098],[125.26924133400007,6.620610237000051],[125.27052307100018,6.622059823000086],[125.27047729400022,6.624559880000049],[125.27136230600024,6.627669811000089],[125.28623962300014,6.630859853000061],[125.28907013000025,6.627759935000086],[125.28897857600032,6.616320134000091],[125.28884887800007,6.614580155000112],[125.28867340200009,6.612299920000169],[125.28884887800007,6.611969948000024],[125.28793335000034,6.612710000000163],[125.2872619630001,6.613780022000071],[125.28482818700002,6.613480091000042],[125.2833480830003,6.613930225000161],[125.28011322100019,6.614319802000125],[125.27188110300006,6.611169814999982],[125.26927185000011,6.615399838000144],[125.26818847700008,6.618209840000134]]]]},"properties":{"municipality":"Sulop","barangay":"Roxas"}},{"type":"Feature","geometry":{"type":"MultiPolygon","coordinates":[[[[125.28981018000002,6.636199951000151],[125.29443359400011,6.636469841000064],[125.29709625200019,6.63715982500014],[125.30754852400025,6.640870094000093],[125.30867767400025,6.638949872000182],[125.31028747500011,6.633900165000114],[125.31318664600008,6.621200085000169],[125.30538177500011,6.621600151000052],[125.29920196500007,6.623270035000189],[125.29239654600019,6.627049924000062],[125.2911911000001,6.627950191000025],[125.28907013000025,6.627759935000086],[125.28623962300014,6.630859853000061],[125.28981018000002,6.636199951000151]]]]},"properties":{"municipality":"Sulop","barangay":"Solongvale"}},{"type":"Feature","geometry":{"type":"MultiPolygon","coordinates":[[[[125.29860687200028,6.596079826000164],[125.28883361700014,6.595839977000082],[125.28885650600034,6.602819919000126],[125.28865814100004,6.606170178000127],[125.2908096320001,6.606589795000104],[125.2973632820001,6.606579780000118],[125.29913330000011,6.604720115000134],[125.30029296900011,6.602119923000146],[125.29975891100014,6.601069927000083],[125.29860687200028,6.596079826000164]]]]},"properties":{"municipality":"Sulop","barangay":"Tagolilong"}},{"type":"Feature","geometry":{"type":"MultiPolygon","coordinates":[[[[125.30754852400025,6.640870094000093],[125.31146240200007,6.640510082000162],[125.31664276000004,6.638949872000182],[125.32154083200021,6.637959958000181],[125.32379913300008,6.637589931000036],[125.32775116000028,6.636610032000021],[125.32568359400011,6.62389993700009],[125.3245468130001,6.617000103000123],[125.32317352300015,6.616169929000023],[125.3198928830002,6.617440224],[125.31537628100023,6.619490147000079],[125.31374359200004,6.620170117000043],[125.3131637570001,6.620759964000058],[125.31318664600008,6.621200085000169],[125.31028747500011,6.633900165000114],[125.30867767400025,6.638949872000182],[125.30754852400025,6.640870094000093]]]]},"properties":{"municipality":"Sulop","barangay":"Tala-O"}},{"type":"Feature","geometry":{"type":"MultiPolygon","coordinates":[[[[125.3245468130001,6.617000103000123],[125.3281478890002,6.618810178000047],[125.32935333300009,6.618969918000118],[125.3435134890002,6.620820045000187],[125.34278869500008,6.619740009000168],[125.33804321300022,6.611450196000021],[125.33676910300005,6.611979961000088],[125.32642364600008,6.612569808000103],[125.3266830450001,6.611219883000047],[125.32161712600009,6.60972023000005],[125.31610107500012,6.610740185000168],[125.31295013400006,6.611609936000093],[125.30790710500003,6.611830236],[125.31215667700008,6.616429806000099],[125.3131637570001,6.620759964000058],[125.31374359200004,6.620170117000043],[125.31537628100023,6.619490147000079],[125.3198928830002,6.617440224],[125.32317352300015,6.616169929000023],[125.3245468130001,6.617000103000123]]]]},"properties":{"municipality":"Sulop","barangay":"Talas"}},{"type":"Feature","geometry":{"type":"MultiPolygon","coordinates":[[[[125.27136230600024,6.627669811000089],[125.27137756400009,6.628849983],[125.27044677800018,6.630760193000185],[125.2697067260001,6.63356018200011],[125.27105712900016,6.635079861000179],[125.2716369630001,6.636400222000077],[125.27072143600003,6.639949799000078],[125.27229309200004,6.640769959000068],[125.27395630000012,6.644199848000085],[125.2759017940001,6.645599843000184],[125.27787017800017,6.647200108000163],[125.2792663580002,6.646820068000181],[125.28498077400013,6.643459798000151],[125.28981018000002,6.636199951000151],[125.28623962300014,6.630859853000061],[125.27136230600024,6.627669811000089]]]]},"properties":{"municipality":"Sulop","barangay":"Tanwalang"}},{"type":"Feature","geometry":{"type":"MultiPolygon","coordinates":[[[[125.33925628700001,6.596270084000082],[125.31173706000004,6.595749855000122],[125.31845092700007,6.600729943000033],[125.31929779000006,6.601960183000074],[125.32029724100005,6.602680207000105],[125.32427978500004,6.602700233000178],[125.33853912400014,6.601329804000045],[125.33853912400014,6.600900174000174],[125.33925628700001,6.596270084000082]]]]},"properties":{"municipality":"Sulop","barangay":"Waterfall"}}]}